4459,47
123745
въ;въ;R-;---------n;no distractor
лѣт;лѣто;Nb;-s---na--i;-s---ni--i:лѣтомъ|-p---nl--i:лѣтѣхъ,лѣтех꙽|-d---nl--i:лѣту|-s---nd--i:лѣту,лѣт҃|-p---nd--i:лѣтомъ|-p---nn--i:лѣта|-p---ni--i:лѣты,леты|-d---na--i:лѣтѣ,лѣте,лѣт҃|-s---nn--i:лѣт҃
҂ѕ҃;шесть тысячь;Ma;---------n;no distractor
т҃;трисъта;Ma;---------n;no distractor
ѯ҃;шестьдесятъ;Ma;---------n;no distractor
з҃;седмь;Ma;---------n;-s---fg--i:семые|-s---fa--i:седмъ|-s---mg--i:семї|-s---fi--i:семию|-s---ma--i:седмь
маху;имати;V-;3piia----i;--pna----i:имати,ꙇмати,iмати|3paia----i:имаша|-sspamn-si:ималъ|-sppamn-si:емлѧ,ѥмлѧ|3spia----i:емлеть,емлетъ,ѥмлеть,ѥмльть|3siia----i:имашеть|2spia----i:имаши|3ppia----i:емлють млють|-pppamn-si:емьлюще|-sppamd-si:емлющю,ѥмлющю|1spia----i:емлю,ѥмлю|2ppia----i:имате|-pspamn-si:имали|2ppma----i:ѥмлите|2spma----i:емли
дань;дань;Nb;-s---fa--i;-s---fg--i:дани|-p---fa--i:дани|-s---fd--i:дани|-s---fi--i:данью,данию|-p---fn--i:дани|-p---fg--i:данеи|-d---fn--i:дани|-p---fi--i:дан꙽ми,даньми
варѧзи;варягъ;Nb;-p---mn--i;-p---mg--i:варѧгъ|-p---ma--i:варѧги,вариги,варѧгы,вѧрѧгы|-p---md--i:варѧгомъ|-p---mi--i:варѧги,варѧгы|-d---mn--i:варѧга|-s---mn--i:варѧгъ|-d---ma--i:варѧга,варꙗга
изъ;из;R-;---------n;no distractor
заморья;заморие;Nb;-s---ng--i;no distractor
на;на;R-;---------n;no distractor
чюди;чудь;Ne;-s---fl--i;no distractor
и;и;C-;---------n;no distractor
на;на;R-;---------n;no distractor
словѣнех;словѣнинъ;Ne;-p---ml--i;no distractor
на;на;R-;---------n;no distractor
мери;меря;Ne;-s---fl--i;no distractor
и;и;C-;---------n;no distractor
на;на;R-;---------n;no distractor
всѣхъ;вьсь;Px;-p---ml--i;-p---ma--i:въсѧ,вьсꙗ,вьсѧ|-p---mn--i:вьси,в꙽си,вохи|-s---fd--i:вьсеи,все и|-p---na--i:вьсѧ,вьсꙗ|-s---na--i:вьсе,вохо|-p---fn--i:вси,всѣ,все|-s---fa--i:вьсю,въсю|-s---nn--i:вьсе|-s---fn--i:вьсꙗ,вьсѧ,в[сѧ|-p---mi--i:вьсѣми|-p---fa--i:вьсꙗ,вьсѣ,вьсѧ|-s---ma--i:весь,вьсь,весъ,въсь|-p---md--i:вьсѣмъ|-s---ni--i:вьсѣмь|-s---mn--i:весь,вьсь|-s---nl--i:вьсемь|-p---fd--i:вьсѣмъ|-p---nn--i:вьсꙗ,вьсѧ|-s---mg--i:вьсего|-p---ni--i:всѣми|-s---ng--i:вьсего|-s---md--i:въсемѹ,всѣмоу,всемоу,Всемоу|-s---fg--i:вьсеꙗ|-s---fl--i:всеи,всѣи,всей|-s---fi--i:вьсею|-s---nd--i:всему,всѧмѹ,всемѹ,всѣмѹ,всемꙋ|-s---mi--i:всѣмъ|-s---ml--i:вьсемь|-p---nd--i:вьсѣмъ|-p---fi--i:вьсѣми
кривичѣхъ;кривичи;Ne;-p---ml--i;no distractor
123750
а;а;C-;---------n;no distractor
козари;козаре;Ne;-p---mn--i;no distractor
имаху;имати;V-;3piia----i;--pna----i:имати,ꙇмати,iмати|3paia----i:имаша|-sspamn-si:ималъ|-sppamn-si:емлѧ,ѥмлѧ|3spia----i:емлеть,емлетъ,ѥмлеть,ѥмльть|3siia----i:имашеть|2spia----i:имаши|3ppia----i:емлють млють|-pppamn-si:емьлюще|-sppamd-si:емлющю,ѥмлющю|1spia----i:емлю,ѥмлю|2ppia----i:имате|-pspamn-si:имали|2ppma----i:ѥмлите|2spma----i:емли
на;на;R-;---------n;no distractor
полѧнѣх;полянинъ;Ne;-p---ml--i;no distractor
и;и;C-;---------n;no distractor
на;на;R-;---------n;no distractor
сѣверѣх;сѣверянинъ;Ne;-p---ml--i;no distractor
и;и;C-;---------n;no distractor
на;на;R-;---------n;no distractor
вѧтичѣхъ;вятичи;Ne;-p---ml--i;no distractor
123752
имаху;имати;V-;3piia----i;--pna----i:имати,ꙇмати,iмати|3paia----i:имаша|-sspamn-si:ималъ|-sppamn-si:емлѧ,ѥмлѧ|3spia----i:емлеть,емлетъ,ѥмлеть,ѥмльть|3siia----i:имашеть|2spia----i:имаши|3ppia----i:емлють млють|-pppamn-si:емьлюще|-sppamd-si:емлющю,ѥмлющю|1spia----i:емлю,ѥмлю|2ppia----i:имате|-pspamn-si:имали|2ppma----i:ѥмлите|2spma----i:емли
по;по;R-;---------n;no distractor
бѣлѣ;бѣла;Nb;-s---fd--i;-s---fi--i:бѣлью|-s---fa--i:белѹ|-s---fg--i:беле
и;и;C-;---------n;no distractor
вѣверицѣ;вѣверица;Nb;-s---fd--i;no distractor
ѿ;отъ;R-;---------n;no distractor
дыма;дымъ;Nb;-s---mg--i;-s---mn--i:дымъ|-s---md--i:дыму|-s---ma--i:дымъ
4460,47
123753
въ;въ;R-;---------n;no distractor
лѣт;лѣто;Nb;-s---na--i;-s---ni--i:лѣтомъ|-p---nl--i:лѣтѣхъ,лѣтех꙽|-d---nl--i:лѣту|-s---nd--i:лѣту,лѣт҃|-p---nd--i:лѣтомъ|-p---nn--i:лѣта|-p---ni--i:лѣты,леты|-d---na--i:лѣтѣ,лѣте,лѣт҃|-s---nn--i:лѣт҃
҂ѕ҃;шесть тысячь;Ma;---------n;no distractor
т҃;трисъта;Ma;---------n;no distractor
ѯ҃;шестьдесятъ;Ma;---------n;no distractor
и҃;осмь;Ma;---------n;no distractor
4461,47
123754
въ;въ;R-;---------n;no distractor
лѣт;лѣто;Nb;-s---na--i;-s---ni--i:лѣтомъ|-p---nl--i:лѣтѣхъ,лѣтех꙽|-d---nl--i:лѣту|-s---nd--i:лѣту,лѣт҃|-p---nd--i:лѣтомъ|-p---nn--i:лѣта|-p---ni--i:лѣты,леты|-d---na--i:лѣтѣ,лѣте,лѣт҃|-s---nn--i:лѣт҃
҂ѕ҃;шесть тысячь;Ma;---------n;no distractor
т҃;трисъта;Ma;---------n;no distractor
ѯ҃;шестьдесятъ;Ma;---------n;no distractor
ѳ҃;девять;Ma;---------n;no distractor
Изъгнаша;изгънати;V-;3paia----i;3ppia----i:ижденуть|3saia----i:игзнъа|-suppmn-si:изгнанъ|-sspamn-si:ꙇзгнал|-pspamn-si:ꙇзгнали|1spia----i:изъжденѹ
варѧги;варягъ;Nb;-p---ma--i;-p---mn--i:варѧзи|-p---mg--i:варѧгъ|-p---md--i:варѧгомъ|-d---mn--i:варѧга|-s---mn--i:варѧгъ|-d---ma--i:варѧга,варꙗга
за;за;R-;---------n;no distractor
море;море;Nb;-s---na--i;-s---ng--i:морїꙗ|-s---nd--i:морю|-s---ni--i:моремъ,моремь|-p---ng--i:морь|-p---na--i:морѧ|-s---ma--i:мъре
и;и;C-;---------n;no distractor
не;не;Df;---------n;no distractor
даша;дати;V-;3paia----i;3siia----i:дадѧшеть|3saia----i:дастъ,дасть|3spia----i:дасть,дастъ|3ppia----i:дадоуть|-sspamn-si:далъ|1spia----i:дамъ,дамь|2ppma----i:дадите|1saia----i:дахъ|--pna----i:да[т]и|2spma----i:даждь|3piia----i:дадѧху|3spma----i:дажь|1dpia----i:давѣ|-supamn-si:давъ|-supamg-wi:давъшаго,дав꙽шаго|2ppia----i:дадите|-suppfn-si:дана|2spia----i:дашъ,даси|-suppnn-si:дано,данѡ|-pppamn-si:дадуче,дадѹще,дадѹце|-pspamn-si:дали|-sspafn-si:дала|-puppmn-si:даны|-sppamn-si:дада|-sppamn-wi:дадыи|1ppia----i:дадимъ|-suppmd-wi:дав꙽шемѹ|-puppfn-si:даны|1paia----i:дахомъ|-supafn-si:давши|-pppamd-wi:дадущимъ|-sppamd-si:дадущю,дадучю|-pupamn-si:давше
имъ;и;Pp;3p---md--i;3s---mg--i:него,нѣго,нево,негѡ,нѣво,нѥго,ѥ]го|3p---ml--i:нихъ,нихʼ,них҃|3s---ma--i:нь,не,и҃|3s---md--i:емоу,нему,нѣму,немѹ,нѥмѹ,немȣ,нѥмо,немꙋ,ѥмоу,нѣмѹ,нѣмꙋ|3p---fa--i:нѣ|3s---na--i:е же|3p---mg--i:нихъ,нїхъ,нихʼ|3p---ma--i:ихъ|3s---fl--i:неи,ней,нѥи,нѣи|3s---fi--i:нею,нѣю,нѥю|3p---mi--i:ними.|3p---fg--i:нихъ|3p---ng--i:ихъ|3d---ma--i:нѧ|3d---md--i:нима|3s---ng--i:него|3s---fg--i:нея,неꙗ,неѣ,нее,нѥꙗ,неи|3s---fa--i:ню|3s---fd--i:неи,нѥи|3s---ml--i:немь,немъ,нѣмь,нѣмъ,ньмь,нѥмь,немʼ,нем҃|3d---mi--i:нима|3d---mg--i:нее,нею|3p---fl--i:нихъ|3p---fi--i:ними|3p---nl--i:нихъ|3p---na--i:ѧ,ꙗ|3s---nl--i:немъ,немь,нѥмь|3p---ni--i:ими|3s---nd--i:емѹ
дани;дань;Nb;-s---fg--i;-s---fa--i:дань|-s---fn--i:дань|-s---fi--i:данью,данию|-p---fg--i:данеи|-p---fi--i:дан꙽ми,даньми
123756
и;и;C-;---------n;no distractor
почаша;почати;V-;3paia----i;1ppia----i:Почнемъ|-pspamn-si:почали|3saia----i:Поча,поча,поцѧ,почѧ|3spia----i:почьнеть|-sspamn-si:почалъ,почѧлъ|2spia----i:поцьньши|--pna----i:почнет|3daia----i:почаста,почѧста|1saia----i:почаяхъ|-suppfn-si:Почата|-suppna-wi:початое|-suppfn-wi:початаѧ|-puppmn-wi:початые|-supamn-si:поченъ|1spia----i:почну|3ppia----i:почнутъ
сами;самъ;Pd;-p---mn--i;-s---mi--i:самѣмъ|-s---mn--i:самъ,самʼ,сам꙽,саме|-p---mi--i:самѣми|-s---fn--i:сама|-p---nl--i:самѣхъ|-d---md--i:самѣма|-d---mn--i:сама|-s---md--i:самому,самамѹ,самомѹ,сомомѹ,Самомѹ|-s---mg--i:самого,самаго|-p---mg--i:самѣхъ,самыхъ|-p---ma--i:самыя|-s---fd--i:самой,самои|-s---fl--i:самои|-p---md--i:самимъ,самымъ|-s---fg--i:самыя|-s---ng--i:самого|-s---nn--i:самое|-p---fl--i:самѣхъ|-p---fg--i:самѣх|-s---na--i:самое|-s---nl--i:самом|-s---fa--i:саму|-d---mg--i:самаю
в;въ;R-;---------n;no distractor
собѣ;себе;Pk;3s---ml--i;3s---qa--i:стѧ,сиѧ,с꙽ѧ|3p---ma--i:сѧ|3s---ma--i:собѧ,себѧ|3s---qg--i:собе,себе,себѧ,себя|3s---mi--i:соб[ою|3s---fi--i:собою|3s---mg--i:себе,собе,собя,себя,собѧ,себѣ,себѧ|3s---qi--i:собою|3s---ql--i:себѣ,собе|3s---fg--i:себѧ,сѣбѧ,себе|3s---fa--i:сїѧ|3p---mi--i:собою|3d---md--i:себе,себѣ|3s---nd--i:си|3s---ni--i:собою|3p---mg--i:себѣ,себе
володѣти;володѣти;V-;--pna----i;-pppamd-si:володѣющемъ|3ppia----i:володѣють|-sspamn-si:володѣлъ|-sppamn-si:володѣя
123757
и;и;C-;---------n;no distractor
не;не;Df;---------n;no distractor
бѣ;быти;V-;3siia----i;3spia----i:есть,етсь,ѥсть,естъ,есте|-pppamd-wi:сѹщиимъ|3saia----i:бысть,бꙑсть,быстъ,быстʼ|3ppia----i:бдуть,соуть|-pppama-wi:сущая,сѹщаѧ|3pfia----i:боудоуть|-supamn-si:бывше|3piia----i:бѣахѹть|3paia----i:быша,бꙑша|-sspamn-si:былъ,был꙽,бꙑлъ,бꙑло,бꙑле|--pna----i:быти,бꙑти,быть,Быти|-pppamn-si:соущи,соуще|3diia----i:бѧста,бѣста,беста|1piia----i:бѧхомъ|-pspann-si:была,были|-sppafd-wi:сущеи,сѹщеи|-sppafd-si:сущи,суще,сѹщи,сѹще|-sppamg-si:соуща|1spia----i:ес꙽мь,есемо,есьмь,есьмъ|3spma----i:буди,бѹди,бѹдь,бꙋди|3daia----i:быста,бѣста,бꙑста|3sfia----i:боудеть,боудетъ,боудѣте,боудѣть,боудѣтѣ|-supafd-si:бывъши|-supanl-wi:бывшемъ|-supang-wi:бывшаго|-sfpama-wi:будущии,будущїи,бѹдѹщии,бѹдѹщиї|-sfpamn-wi:будущии|-pppamg-wi:сѹщиихъ|1ppia----i:ес꙽мы|-pfpama-wi:будущая|2spia----i:бѹдеши,бѹдьше|1paia----i:быхомъ,быхъмъ|2ppia----i:есте,ѥсте,естя,єсте|-pupamn-si:бывъше|-sppafa-si:сущю,сѹщю,сѹщȣ,сѹщѹ|-supafn-si:бывши|1sfia----i:буду,бѹдѹ|2spma----i:буди,бѹди,бꙋди|-sppafn-si:соущи|-pupana-wi:бывшая|1pfia----i:будемъ|-sspafn-si:была|-pspamn-si:были,Были|2paia----i:бысте,бѣсте|-sppang-wi:сущаго,сѹщаго|2dfia----i:будета|3dpia----i:еста,ѥста|2sfia----i:бѹдеш]и|-pupamd-wi:бывшимъ|-supamd-si:бывъшю,быв꙽шѹ|-sppamn-wi:соущїи|-sspann-si:был҃о|-supana-wi:бывъшеѥ|-supafa-si:бывшю,бывши|-pppama-si:суща,сѹща|-pppamd-si:сущемъ,сѹщемъ|-sppamd-si:сущю,сѹщю,сущу,сѹщѹ,сѹщȣ,сꙋщꙋ,сѹщꙋ|1saia----i:быхъ,бѧхъ,бꙑхо|2daia----i:быста|-dppamn-si:суща|2dpia----i:еста,ѥста|-sppafa-wi:сущюю|-sppama-si:сущи,сѹщь|-sppand-si:соущꙋ|2pfia----i:боудѣте|1dpia----i:есвѣ,есвҍ|1siia----i:бѣхъ|1dfia----i:будевѣ,бѹдевѣ|-pspafn-si:были|-supand-si:бывъшю,быв꙽шѹ|-sppamg-wi:сѹщааго|-pppamn-wi:соущїи|-pppami-wi:сѹщиими|-sfpamg-wi:бѹдѹщаго|-dppamg-si:сѹщю|-dupamg-si:бывъшю|2saia----i:бысть|2ppma----i:будѣте|-sfpaml-wi:бѹдѹщемъ|-pppann-wi:сущие|-sppann-wi:сущее|-supamn-wi:бывыи,бывьї|-sppamn-si:сѹщь,буда|-supamg-si:бывъша|-pppaml-wi:сѹщиихъ|-sppann-si:сѹще|-pppana-si:сѹща|-sppafn-wi:сѹщаꙗ,сѹщаѧ|-sppana-si:сѹще|-pppang-wi:сѹщиихъ,бѹдꙋщих|-sppama-wi:сѹщии|-pppana-wi:соущаѧ|-pppand-si:сѹщемъ|-sppamd-wi:сѹщюѹмѹ|-pupamn-wi:бывъшеи|1ppma----i:бѹдѣмъ|-pupamd-si:бывъшемъ|-sppang-si:сѹща|-dppamd-si:сѹщема|-pupamg-wi:бывъшиихъ|-pppafd-wi:соущимъ|-supafa-wi:бывшꙋю,бывшюю|-supamg-wi:быв꙽шаго|-sfpang-wi:бѹдꙋщаго|-pfpann-wi:бѹдѹщаѧ|-supann-wi:быв꙽шее|-pfpand-wi:бѹдꙋщим|-sfpana-wi:бѹдꙋщее|-pfpana-wi:бѹдꙋщаѧ,будущая|-pupang-wi:быв꙽шихъ|-sppana-wi:сѹщее|-pupama-wi:быв꙽шаѧ|-dspamn-si:была|-supama-wi:бывшии|-pppann-si:суща|-dupamg-wi:бывшею|-supang-si:бывша
в;въ;R-;---------n;no distractor
нихъ;и;Pp;3p---ml--i;3s---mg--i:него,нѣго,нево,негѡ,нѣво,нѥго,ѥ]го|3p---md--i:им же|3s---ma--i:нь,не,и҃|3s---md--i:емоу,нему,нѣму,немѹ,нѥмѹ,немȣ,нѥмо,немꙋ,ѥмоу,нѣмѹ,нѣмꙋ|3s---mi--i:нимъ,немъ,нимь,нїмь,ним꙽,дним,нимо|3p---fa--i:нѣ|3s---na--i:е же|3p---ma--i:ихъ|3s---fl--i:неи,ней,нѥи,нѣи|3s---fi--i:нею,нѣю,нѥю|3p---mi--i:ними.|3p---ng--i:ихъ|3d---ma--i:нѧ|3d---md--i:нима|3s---ng--i:него|3s---fg--i:нея,неꙗ,неѣ,нее,нѥꙗ,неи|3s---fa--i:ню|3s---fd--i:неи,нѥи|3s---ml--i:немь,немъ,нѣмь,нѣмъ,ньмь,нѥмь,немʼ,нем҃|3d---mi--i:нима|3d---mg--i:нее,нею|3s---ni--i:имь,имъ|3p---fd--i:нимъ|3p---fi--i:ними|3p---na--i:ѧ,ꙗ|3s---nl--i:немъ,немь,нѥмь|3p---nd--i:нимъ|3p---ni--i:ими|3s---nd--i:емѹ
правды;правьда;Nb;-s---fg--i;-s---fa--i:правьду,правдоу,правьдѹ|-s---fn--i:пр҃вда,правда|-s---fd--i:правдѣ|-s---fi--i:правдою|-s---fl--i:правде,правдѣ
123758
и;и;C-;---------n;no distractor
въста;въстати;V-;3saia----i;-supamn-si:возставше|-pupamd-si:въставшемь|--pna----i:въстати,востати|2spma----i:въстани,востани|3paia----i:въсташа,Въсташа,восташа|-pupamn-si:воставше|3daia----i:встаста|-sspamn-si:всталъ|2ppma----i:встанѣте|3spia----i:встанеть,въстаеть|3piia----i:востаху|-sspafn-si:востала,въстала,Въстала|-supafn-si:въставъши|-pspamn-si:встали|3siia----i:въстанꙗше|-supamg-si:въставъша|-supamd-si:въставшꙋ|-sppamd-si:встанущю
родъ;родъ;Nb;-s---mn--i;-p---mi--i:роды|-s---mi--i:родомъ,родомь,родъмь|-s---ml--i:родѣ,родꙋ,родѹ|-s---mg--i:рода,рада,роду|-p---md--i:родомъ|-p---ma--i:роды,роди|-s---md--i:родоу|-p---mn--i:роди|-p---mg--i:родовъ
на;на;R-;---------n;no distractor
родъ;родъ;Nb;-s---ma--i;-p---mi--i:роды|-s---mi--i:родомъ,родомь,родъмь|-s---ml--i:родѣ,родꙋ,родѹ|-s---mg--i:рода,рада,роду|-p---md--i:родомъ|-p---ma--i:роды,роди|-s---md--i:родоу|-p---mn--i:роди|-p---mg--i:родовъ
123759
быша;быти;V-;3saia----i;3spia----i:есть,етсь,ѥсть,естъ,есте|-pppamd-wi:сѹщиимъ|3ppia----i:бдуть,соуть|3siia----i:будѧше,бѧшеть,бѹдꙗше,бѹдѧше,бꙋдѧше,бяшетъ,Бяшеть|-pppama-wi:сущая,сѹщаѧ|3pfia----i:боудоуть|-supamn-si:бывше|3piia----i:бѣахѹть|-sspamn-si:былъ,был꙽,бꙑлъ,бꙑло,бꙑле|--pna----i:быти,бꙑти,быть,Быти|-pppamn-si:соущи,соуще|3diia----i:бѧста,бѣста,беста|1piia----i:бѧхомъ|-pspann-si:была,были|-sppafd-wi:сущеи,сѹщеи|-sppafd-si:сущи,суще,сѹщи,сѹще|-sppamg-si:соуща|1spia----i:ес꙽мь,есемо,есьмь,есьмъ|3spma----i:буди,бѹди,бѹдь,бꙋди|3daia----i:быста,бѣста,бꙑста|3sfia----i:боудеть,боудетъ,боудѣте,боудѣть,боудѣтѣ|-supafd-si:бывъши|-supanl-wi:бывшемъ|-supang-wi:бывшаго|-sfpama-wi:будущии,будущїи,бѹдѹщии,бѹдѹщиї|-sfpamn-wi:будущии|-pppamg-wi:сѹщиихъ|1ppia----i:ес꙽мы|-pfpama-wi:будущая|2spia----i:бѹдеши,бѹдьше|1paia----i:быхомъ,быхъмъ|2ppia----i:есте,ѥсте,естя,єсте|-pupamn-si:бывъше|-sppafa-si:сущю,сѹщю,сѹщȣ,сѹщѹ|-supafn-si:бывши|1sfia----i:буду,бѹдѹ|2spma----i:буди,бѹди,бꙋди|-sppafn-si:соущи|-pupana-wi:бывшая|1pfia----i:будемъ|-sspafn-si:была|-pspamn-si:были,Были|2paia----i:бысте,бѣсте|-sppang-wi:сущаго,сѹщаго|2dfia----i:будета|3dpia----i:еста,ѥста|2sfia----i:бѹдеш]и|-pupamd-wi:бывшимъ|-supamd-si:бывъшю,быв꙽шѹ|-sppamn-wi:соущїи|-sspann-si:был҃о|-supana-wi:бывъшеѥ|-supafa-si:бывшю,бывши|-pppama-si:суща,сѹща|-pppamd-si:сущемъ,сѹщемъ|-sppamd-si:сущю,сѹщю,сущу,сѹщѹ,сѹщȣ,сꙋщꙋ,сѹщꙋ|1saia----i:быхъ,бѧхъ,бꙑхо|2daia----i:быста|-dppamn-si:суща|2dpia----i:еста,ѥста|-sppafa-wi:сущюю|-sppama-si:сущи,сѹщь|-sppand-si:соущꙋ|2pfia----i:боудѣте|1dpia----i:есвѣ,есвҍ|1siia----i:бѣхъ|1dfia----i:будевѣ,бѹдевѣ|-pspafn-si:были|-supand-si:бывъшю,быв꙽шѹ|-sppamg-wi:сѹщааго|-pppamn-wi:соущїи|-pppami-wi:сѹщиими|-sfpamg-wi:бѹдѹщаго|-dppamg-si:сѹщю|-dupamg-si:бывъшю|2saia----i:бысть|2ppma----i:будѣте|-sfpaml-wi:бѹдѹщемъ|-pppann-wi:сущие|-sppann-wi:сущее|-supamn-wi:бывыи,бывьї|-sppamn-si:сѹщь,буда|-supamg-si:бывъша|2siia----i:бѣ|-pppaml-wi:сѹщиихъ|-sppann-si:сѹще|-pppana-si:сѹща|-sppafn-wi:сѹщаꙗ,сѹщаѧ|-sppana-si:сѹще|-pppang-wi:сѹщиихъ,бѹдꙋщих|-sppama-wi:сѹщии|-pppana-wi:соущаѧ|-pppand-si:сѹщемъ|-sppamd-wi:сѹщюѹмѹ|-pupamn-wi:бывъшеи|1ppma----i:бѹдѣмъ|-pupamd-si:бывъшемъ|-sppang-si:сѹща|-dppamd-si:сѹщема|-pupamg-wi:бывъшиихъ|-pppafd-wi:соущимъ|-supafa-wi:бывшꙋю,бывшюю|-supamg-wi:быв꙽шаго|-sfpang-wi:бѹдꙋщаго|-pfpann-wi:бѹдѹщаѧ|-supann-wi:быв꙽шее|-pfpand-wi:бѹдꙋщим|-sfpana-wi:бѹдꙋщее|-pfpana-wi:бѹдꙋщаѧ,будущая|-pupang-wi:быв꙽шихъ|-sppana-wi:сѹщее|-pupama-wi:быв꙽шаѧ|-dspamn-si:была|-supama-wi:бывшии|-pppann-si:суща|-dupamg-wi:бывшею|-supang-si:бывша
в;въ;R-;---------n;no distractor
них;и;Pp;3p---ml--i;3s---mg--i:него,нѣго,нево,негѡ,нѣво,нѥго,ѥ]го|3p---md--i:им же|3s---ma--i:нь,не,и҃|3s---md--i:емоу,нему,нѣму,немѹ,нѥмѹ,немȣ,нѥмо,немꙋ,ѥмоу,нѣмѹ,нѣмꙋ|3s---mi--i:нимъ,немъ,нимь,нїмь,ним꙽,дним,нимо|3p---fa--i:нѣ|3s---na--i:е же|3p---ma--i:ихъ|3s---fl--i:неи,ней,нѥи,нѣи|3s---fi--i:нею,нѣю,нѥю|3p---mi--i:ними.|3p---fg--i:нихъ|3p---ng--i:ихъ|3d---ma--i:нѧ|3d---md--i:нима|3s---ng--i:него|3s---fg--i:нея,неꙗ,неѣ,нее,нѥꙗ,неи|3s---fa--i:ню|3s---fd--i:неи,нѥи|3s---ml--i:немь,немъ,нѣмь,нѣмъ,ньмь,нѥмь,немʼ,нем҃|3d---mi--i:нима|3d---mg--i:нее,нею|3s---ni--i:имь,имъ|3p---fd--i:нимъ|3p---fi--i:ними|3p---nl--i:нихъ|3p---na--i:ѧ,ꙗ|3s---nl--i:немъ,немь,нѥмь|3p---nd--i:нимъ|3p---ni--i:ими|3s---nd--i:емѹ
усобицѣ;усобица;Nb;-p---fn--i;-s---fn--i:оусобица|-s---fg--i:оусобицѣ|-p---fa--i:усобіцѣ|-p---fi--i:усобицами
123760
и;и;C-;---------n;no distractor
воевати;воевати;V-;--pna----i;3piia----i:воеваху|3spia----i:воюеть,воюетъ|3ppia----i:воюють|-sppamn-si:воюя|1ppia----i:воюемъ,воюѥмъ|---u--a--i:воеватъ,воѥватъ|-pupamn-si:воевавше|-pppamd-wi:воюющим|3paia----i:Воеваша,воеваша,воѥваша|-pppamn-si:воюючи,воююче|3saia----i:воева,воѥва|2paia----i:воевасте|-sspamn-si:воевалъ|3siia----i:воеваше
почаша;почати;V-;3paia----i;1ppia----i:Почнемъ|-pspamn-si:почали|3saia----i:Поча,поча,поцѧ,почѧ|3spia----i:почьнеть|-sspamn-si:почалъ,почѧлъ|2spia----i:поцьньши|--pna----i:почнет|3daia----i:почаста,почѧста|1saia----i:почаяхъ|-suppfn-si:Почата|-suppna-wi:початое|-suppfn-wi:початаѧ|-puppmn-wi:початые|-supamn-si:поченъ|1spia----i:почну|3ppia----i:почнутъ
сами;самъ;Pd;-p---mn--i;-s---mi--i:самѣмъ|-s---mn--i:самъ,самʼ,сам꙽,саме|-p---mi--i:самѣми|-s---fn--i:сама|-p---nl--i:самѣхъ|-d---md--i:самѣма|-d---mn--i:сама|-s---md--i:самому,самамѹ,самомѹ,сомомѹ,Самомѹ|-s---mg--i:самого,самаго|-p---mg--i:самѣхъ,самыхъ|-p---ma--i:самыя|-s---fd--i:самой,самои|-s---fl--i:самои|-p---md--i:самимъ,самымъ|-s---fg--i:самыя|-s---ng--i:самого|-s---nn--i:самое|-p---fl--i:самѣхъ|-p---fg--i:самѣх|-s---na--i:самое|-s---nl--i:самом|-s---fa--i:саму|-d---mg--i:самаю
на;на;R-;---------n;no distractor
сѧ;себе;Pk;3s---ma--i;3s---qd--i:собѣ,себе,себѣ|3s---md--i:собѣ,себе,собе,себѣ,Себѣ,сѣбѣ|3p---md--i:собѣ,себѣ|3s---ml--i:собѣ,себѣ,себе,СЕБѢ,сѣбѣ,събѣ|3s---qg--i:собе,себе,себѧ,себя|3s---fd--i:собѣ,сѣбе,себѣ,собҍ|3s---mi--i:соб[ою|3s---fi--i:собою|3s---mg--i:себе,собе,собя,себя,собѧ,себѣ,себѧ|3s---qi--i:собою|3s---ql--i:себѣ,собе|3s---fg--i:себѧ,сѣбѧ,себе|3s---fl--i:себѣ,собѣ|3s---fa--i:сїѧ|3p---mi--i:собою|3d---md--i:себе,себѣ|3s---nd--i:си|3s---ni--i:собою|3p---mg--i:себѣ,себе
134570
рѣша;рещи;V-;3paia----i;--pna----i:рещи-|-pupamn-si:рекъше|3saia----i:рече,Рече,рѣче,реч҃,речь|1paia----i:рекохомъ|-supana-si:рекъше,рек꙽ше|-ppppmn-wi:рекомии|3daia----i:рекоста|-supamn-si:рекъ,рѣхъ,Рекъ|-sppamn-si:р]ека|-pppamn-si:рекоуче,рекоуще|2ppma----i:рьцѣте,речете|-sppafn-si:рькуще,рькущи|-suppnn-si:реченно|2spma----i:речши|-supafn-si:рекъши|1ppma----i:рцѣмъ|-spppma-wi:рекомыи|-sspamn-si:реклъ|1saia----i:рекохъ,рѣкъхъ|1spia----i:реку,рекѹ|-supamd-si:рекшемꙋ|2paia----i:рекосте|-dupamd-si:рекшема|3siia----i:речаше|3spia----i:речетъ,речеть|-sppamd-si:рекущю,рекѹщю|3ppia----i:рекуть,рекутъ,рекѹть,рекꙋтъ|1ppia----i:речемъ|-dspamn-si:рекла|-pspamn-si:рекъли|-sppamn-wi:рекыи|-dupamn-si:рекъша|-supang-wi:рекъшааго|-supamg-si:рекъша|-suppnn-wi:реченʼное|-spppmn-si:рк|1dpia----i:речеве|-supana-wi:рекъшеѥ|2ppia----i:речете|-supamd-wi:рекъшюѹмѹ|-pupamd-si:рекъшемъ|-supann-wi:рекшеѥ|-supamg-wi:рекъшааго|-sppamg-si:рекѹща,рекуща|-supann-si:рек꙽ше|-spppmn-wi:рекомыи|-suppnd-wi:реченномѹ|-pupamd-wi:рекшимъ|-puppna-wi:реченнаѧ|-suppml-wi:реченѣм|-spppfn-wi:рекомая|-dppamn-si:рекуща|-pppafn-si:ркучи
сами;самъ;Pd;-p---mn--i;-s---mi--i:самѣмъ|-s---mn--i:самъ,самʼ,сам꙽,саме|-p---mi--i:самѣми|-s---fn--i:сама|-p---nl--i:самѣхъ|-d---md--i:самѣма|-d---mn--i:сама|-s---md--i:самому,самамѹ,самомѹ,сомомѹ,Самомѹ|-s---mg--i:самого,самаго|-p---mg--i:самѣхъ,самыхъ|-p---ma--i:самыя|-s---fd--i:самой,самои|-s---fl--i:самои|-p---md--i:самимъ,самымъ|-s---fg--i:самыя|-s---ng--i:самого|-s---nn--i:самое|-p---fl--i:самѣхъ|-p---fg--i:самѣх|-s---na--i:самое|-s---nl--i:самом|-s---fa--i:саму|-d---mg--i:самаю
в;въ;R-;---------n;no distractor
себѣ;себе;Pk;3s---ml--i;3s---qa--i:стѧ,сиѧ,с꙽ѧ|3p---ma--i:сѧ|3s---ma--i:собѧ,себѧ|3s---qg--i:собе,себе,себѧ,себя|3s---mi--i:соб[ою|3s---fi--i:собою|3s---qi--i:собою|3s---fg--i:себѧ,сѣбѧ,себе|3s---fa--i:сїѧ|3p---mi--i:собою|3s---nd--i:си|3s---ni--i:собою
123761
поищемъ;поискати;V-;1ppia----i;2spia----i:поищеши|-pupafn-si:поискавъше|--pna----i:поискати
собѣ;себе;Pk;3s---qd--i;3s---qa--i:стѧ,сиѧ,с꙽ѧ|3p---ma--i:сѧ|3s---ma--i:собѧ,себѧ|3s---qg--i:собе,себе,себѧ,себя|3s---mi--i:соб[ою|3s---fi--i:собою|3s---mg--i:себе,собе,собя,себя,собѧ,себѣ,себѧ|3s---qi--i:собою|3s---ql--i:себѣ,собе|3s---fg--i:себѧ,сѣбѧ,себе|3s---fa--i:сїѧ|3p---mi--i:собою|3d---md--i:себе,себѣ|3s---nd--i:си|3s---ni--i:собою|3p---mg--i:себѣ,себе
кнѧзѧ;кънязь;Nb;-s---mg--i;-s---md--i:кънѧзю,кн҃ѧзю,кънѧзѹ|-s---mv--i:кънѧже|-p---md--i:кънꙗземъ|-p---mg--i:кн҃ѧзеи|-s---mn--i:кънѧзь,кн҃ѧзь|-s---mi--i:кнѧземъ,кнѧземь,кнꙗзьмь,кнѧзьмь,кн҃ѕемъ,кн҃земъ,кнѧзем҃,кн҃зѣмь,кнз҃емь|-s---ma--i:кнѧзь,кн҃зь|-p---mn--i:кнѧзи,князи,кнꙗзи,кн҃зи|-s---ml--i:кнѧзѣ,кнѧзи,князи,князе,кнѕ҃е,кн҃ѕе,кнз҃и,кн҃зи|-p---ml--i:кънѧзьхъ|-p---mi--i:князьми|-p---ma--i:кнѧзи,кн҃зи,князи|-d---md--i:кн҃зема|-d---mi--i:кн҃зьма
иже;иже;Pr;-s---mn--i;-s---fg--i:неяже,неꙗже,неѧже|-s---nn--i:ѥ же|-s---ng--i:негоже,ѥго же|-s---na--i:не же|-s---nd--i:немуже,ѥмѹ же|-p---mg--i:нихъ же|-p---ml--i:нихъ же|-s---fa--i:ню же|-s---fl--i:неи же,нѥи же|-p---nn--i:яже,ꙗже|-s---mg--i:него же|-s---ml--i:нем꙽ же,немь же|-s---md--i:ему же,єму же|-s---ni--i:имьже|-d---fg--i:неюже|-p---na--i:нѧже|-p---md--i:имʼ же|-p---ng--i:ихъ же|-d---mg--i:еюже|-d---mn--i:яже|-p---fi--i:имиже|-p---fn--i:яже,ꙗже|-s---mi--i:нимь же|-p---fd--i:имъже|-s---fi--i:ѥюже,еюже|-s---nl--i:нем꙽ же|-p---fg--i:них꙽же|-p---ni--i:ими же|-p---nl--i:них꙽же|-s---fd--i:нее же|-p---nd--i:им꙽же
бы;быти;V-;3saia----i;3spia----i:есть,етсь,ѥсть,естъ,есте|-pppamd-wi:сѹщиимъ|3ppia----i:бдуть,соуть|3siia----i:будѧше,бѧшеть,бѹдꙗше,бѹдѧше,бꙋдѧше,бяшетъ,Бяшеть|-pppama-wi:сущая,сѹщаѧ|3pfia----i:боудоуть|-supamn-si:бывше|3piia----i:бѣахѹть|3paia----i:быша,бꙑша|-sspamn-si:былъ,был꙽,бꙑлъ,бꙑло,бꙑле|--pna----i:быти,бꙑти,быть,Быти|-pppamn-si:соущи,соуще|3diia----i:бѧста,бѣста,беста|1piia----i:бѧхомъ|-pspann-si:была,были|-sppafd-wi:сущеи,сѹщеи|-sppafd-si:сущи,суще,сѹщи,сѹще|-sppamg-si:соуща|1spia----i:ес꙽мь,есемо,есьмь,есьмъ|3spma----i:буди,бѹди,бѹдь,бꙋди|3daia----i:быста,бѣста,бꙑста|3sfia----i:боудеть,боудетъ,боудѣте,боудѣть,боудѣтѣ|-supafd-si:бывъши|-supanl-wi:бывшемъ|-supang-wi:бывшаго|-sfpama-wi:будущии,будущїи,бѹдѹщии,бѹдѹщиї|-sfpamn-wi:будущии|-pppamg-wi:сѹщиихъ|1ppia----i:ес꙽мы|-pfpama-wi:будущая|2spia----i:бѹдеши,бѹдьше|1paia----i:быхомъ,быхъмъ|2ppia----i:есте,ѥсте,естя,єсте|-pupamn-si:бывъше|-sppafa-si:сущю,сѹщю,сѹщȣ,сѹщѹ|-supafn-si:бывши|1sfia----i:буду,бѹдѹ|2spma----i:буди,бѹди,бꙋди|-sppafn-si:соущи|-pupana-wi:бывшая|1pfia----i:будемъ|-sspafn-si:была|-pspamn-si:были,Были|2paia----i:бысте,бѣсте|-sppang-wi:сущаго,сѹщаго|2dfia----i:будета|3dpia----i:еста,ѥста|2sfia----i:бѹдеш]и|-pupamd-wi:бывшимъ|-supamd-si:бывъшю,быв꙽шѹ|-sppamn-wi:соущїи|-sspann-si:был҃о|-supana-wi:бывъшеѥ|-supafa-si:бывшю,бывши|-pppama-si:суща,сѹща|-pppamd-si:сущемъ,сѹщемъ|-sppamd-si:сущю,сѹщю,сущу,сѹщѹ,сѹщȣ,сꙋщꙋ,сѹщꙋ|1saia----i:быхъ,бѧхъ,бꙑхо|2daia----i:быста|-dppamn-si:суща|2dpia----i:еста,ѥста|-sppafa-wi:сущюю|-sppama-si:сущи,сѹщь|-sppand-si:соущꙋ|2pfia----i:боудѣте|1dpia----i:есвѣ,есвҍ|1siia----i:бѣхъ|1dfia----i:будевѣ,бѹдевѣ|-pspafn-si:были|-supand-si:бывъшю,быв꙽шѹ|-sppamg-wi:сѹщааго|-pppamn-wi:соущїи|-pppami-wi:сѹщиими|-sfpamg-wi:бѹдѹщаго|-dppamg-si:сѹщю|-dupamg-si:бывъшю|2ppma----i:будѣте|-sfpaml-wi:бѹдѹщемъ|-pppann-wi:сущие|-sppann-wi:сущее|-supamn-wi:бывыи,бывьї|-sppamn-si:сѹщь,буда|-supamg-si:бывъша|2siia----i:бѣ|-pppaml-wi:сѹщиихъ|-sppann-si:сѹще|-pppana-si:сѹща|-sppafn-wi:сѹщаꙗ,сѹщаѧ|-sppana-si:сѹще|-pppang-wi:сѹщиихъ,бѹдꙋщих|-sppama-wi:сѹщии|-pppana-wi:соущаѧ|-pppand-si:сѹщемъ|-sppamd-wi:сѹщюѹмѹ|-pupamn-wi:бывъшеи|1ppma----i:бѹдѣмъ|-pupamd-si:бывъшемъ|-sppang-si:сѹща|-dppamd-si:сѹщема|-pupamg-wi:бывъшиихъ|-pppafd-wi:соущимъ|-supafa-wi:бывшꙋю,бывшюю|-supamg-wi:быв꙽шаго|-sfpang-wi:бѹдꙋщаго|-pfpann-wi:бѹдѹщаѧ|-supann-wi:быв꙽шее|-pfpand-wi:бѹдꙋщим|-sfpana-wi:бѹдꙋщее|-pfpana-wi:бѹдꙋщаѧ,будущая|-pupang-wi:быв꙽шихъ|-sppana-wi:сѹщее|-pupama-wi:быв꙽шаѧ|-dspamn-si:была|-supama-wi:бывшии|-pppann-si:суща|-dupamg-wi:бывшею|-supang-si:бывша
володѣлъ;володѣти;V-;-sspamn-si;-pppamd-si:володѣющемъ|3ppia----i:володѣють|--pna----i:володѣти|-sppamn-si:володѣя
нами;мы;Pp;1p---mi--i;1p---ml--i:насъ|1p---mn--i:мьы|1p---md--i:намъ,Намъ,нам꙽,намо|1p---qd--i:намъ|1p---qg--i:насъ|1p---ma--i:насъ|1p---qa--i:ны|1p---mg--i:насъ,нас҃,насо|1p---fn--i:мы|1p---fd--i:намъ
и;и;C-;---------n;no distractor
судилъ;судити;V-;-sspamn-si;2spma----i:суди|---u--a--i:судитъ|3siia----i:судѧше,судяше|--pna----i:соудити|-sppamn-wi:судѧи|2ppma----i:судите,сѹдите|1spia----i:сѹжѹ|3spia----i:сѹдитъ,сѹдить|3ppia----i:судѧть|1paia----i:судихом|2ppia----i:судите
по;по;R-;---------n;no distractor
праву;право;Nb;-s---nd--i;no distractor
123764
идаша;ити;V-;3paia----i;3spia----i:идеть,идетъ,ꙇдеть,идѣть|--pna----i:итʼти,итьти,итъти|3saia----i:иде,Иде,іде,иле|-sppafd-si:идучи|-sppamd-si:идоущꙋ|-pppamn-si:идуче,идуще,ꙇдучи,идѹще,идѹце,идуце|1ppia----i:идемъ,идем҃|3ppia----i:идоуть|2ppma----i:идѣте|2spia----i:идеши,идешь|1spia----i:иду,идѹ,идꙋ|-sppafn-si:идущи|3daia----i:идоста,идѧста|2spma----i:иди|-supamn-si:ишедъ|-pupamn-si:шедъше,шьдъше|-pppama-si:идуща|-sppamn-si:ꙇдучи,идучи|3piia----i:идѧхуть|-supamd-si:шедъшю,шьдъшю|-pppamd-si:идущемъ,идѹщемъ|-sppamg-si:идуща,идуча|3siia----i:идꙗшеть|-sppama-si:идущь|2ppia----i:идете,идите|-sspamn-si:шелъ,шьлъ|-sppami-wi:идущимъ|-sppann-si:идуще|1saia----i:идохъ|1paia----i:идохом|-pspamn-si:шьли|-dppamd-si:идущема|-sppamn-wi:Идыи,идыи|3dpia----i:идета|-pppamd-wi:идущимъ|-supafn-si:шедъши|-dupamd-si:шедъшема|1ppma----i:идемъ
за;за;R-;---------n;no distractor
море;море;Nb;-s---na--i;-s---ng--i:морїꙗ|-s---nd--i:морю|-s---ni--i:моремъ,моремь|-p---ng--i:морь|-p---na--i:морѧ|-s---ma--i:мъре
къ;къ;R-;---------n;no distractor
варѧгомъ;варягъ;Nb;-p---md--i;-p---mn--i:варѧзи|-p---mg--i:варѧгъ|-p---ma--i:варѧги,вариги,варѧгы,вѧрѧгы|-p---mi--i:варѧги,варѧгы|-d---mn--i:варѧга|-s---mn--i:варѧгъ|-d---ma--i:варѧга,варꙗга
к;къ;R-;---------n;no distractor
русі;русь;Ne;-s---fd--i;-s---fn--i:русь,рьсь,срьу|-s---fg--i:роуси|-s---fl--i:роусе|-s---fa--i:русь,рѹсь,рѹс҃|-s---fi--i:роусию
123765
сице;сице;Df;---------n;no distractor
бо;бо;Df;---------n;no distractor
сѧ;себе;Pk;3s---qa--i;3s---qd--i:собѣ,себе,себѣ|3s---md--i:собѣ,себе,собе,себѣ,Себѣ,сѣбѣ|3p---md--i:собѣ,себѣ|3s---ml--i:собѣ,себѣ,себе,СЕБѢ,сѣбѣ,събѣ|3s---qg--i:собе,себе,себѧ,себя|3s---fd--i:собѣ,сѣбе,себѣ,собҍ|3s---mi--i:соб[ою|3s---fi--i:собою|3s---mg--i:себе,собе,собя,себя,собѧ,себѣ,себѧ|3s---qi--i:собою|3s---ql--i:себѣ,собе|3s---fg--i:себѧ,сѣбѧ,себе|3s---fl--i:себѣ,собѣ|3s---fa--i:сїѧ|3p---mi--i:собою|3d---md--i:себе,себѣ|3s---nd--i:си|3s---ni--i:собою|3p---mg--i:себѣ,себе
звахуть;зъвати;V-;3piia----i;-spppfa-si:зовему|3spia----i:зоветь,зоветъ|3ppia----i:зовоуть|-spppfn-wi:зовомая,зовемая|1saia----i:звахъ|--pna----i:звати|2ppia----i:зовѣте|-suppmn-si:званъ|-puppmg-wi:званныхъ|-supamn-wi:звавыи|-suppmn-wi:званои|-pppamn-si:звали|-pspamn-si:звали|-spppmn-si:зовомъ|-sppamn-si:зовѹщь|-puppmn-si:звани|-spppml-wi:зовомѣм|1paia----i:звахом|-spppmn-wi:зовомыи|-spppfd-wi:зовомѣи|1ppia----i:зовемъ|-ppppnn-wi:зовемая|3siia----i:зваше
134571
и;и;C-;---------n;no distractor
варѧзи;варягъ;Nb;-p---mn--i;-p---mg--i:варѧгъ|-p---ma--i:варѧги,вариги,варѧгы,вѧрѧгы|-p---md--i:варѧгомъ|-p---mi--i:варѧги,варѧгы|-d---mn--i:варѧга|-s---mn--i:варѧгъ|-d---ma--i:варѧга,варꙗга
суть;быти;V-;3ppia----i;3spia----i:есть,етсь,ѥсть,естъ,есте|-pppamd-wi:сѹщиимъ|3saia----i:бысть,бꙑсть,быстъ,быстʼ|3siia----i:будѧше,бѧшеть,бѹдꙗше,бѹдѧше,бꙋдѧше,бяшетъ,Бяшеть|-pppama-wi:сущая,сѹщаѧ|3pfia----i:боудоуть|-supamn-si:бывше|3piia----i:бѣахѹть|3paia----i:быша,бꙑша|-sspamn-si:былъ,был꙽,бꙑлъ,бꙑло,бꙑле|--pna----i:быти,бꙑти,быть,Быти|-pppamn-si:соущи,соуще|3diia----i:бѧста,бѣста,беста|1piia----i:бѧхомъ|-pspann-si:была,были|-sppafd-wi:сущеи,сѹщеи|-sppafd-si:сущи,суще,сѹщи,сѹще|-sppamg-si:соуща|1spia----i:ес꙽мь,есемо,есьмь,есьмъ|3spma----i:буди,бѹди,бѹдь,бꙋди|3daia----i:быста,бѣста,бꙑста|3sfia----i:боудеть,боудетъ,боудѣте,боудѣть,боудѣтѣ|-supafd-si:бывъши|-supanl-wi:бывшемъ|-supang-wi:бывшаго|-sfpama-wi:будущии,будущїи,бѹдѹщии,бѹдѹщиї|-sfpamn-wi:будущии|-pppamg-wi:сѹщиихъ|1ppia----i:ес꙽мы|-pfpama-wi:будущая|2spia----i:бѹдеши,бѹдьше|1paia----i:быхомъ,быхъмъ|2ppia----i:есте,ѥсте,естя,єсте|-pupamn-si:бывъше|-sppafa-si:сущю,сѹщю,сѹщȣ,сѹщѹ|-supafn-si:бывши|1sfia----i:буду,бѹдѹ|2spma----i:буди,бѹди,бꙋди|-sppafn-si:соущи|-pupana-wi:бывшая|1pfia----i:будемъ|-sspafn-si:была|-pspamn-si:были,Были|2paia----i:бысте,бѣсте|-sppang-wi:сущаго,сѹщаго|2dfia----i:будета|3dpia----i:еста,ѥста|2sfia----i:бѹдеш]и|-pupamd-wi:бывшимъ|-supamd-si:бывъшю,быв꙽шѹ|-sppamn-wi:соущїи|-sspann-si:был҃о|-supana-wi:бывъшеѥ|-supafa-si:бывшю,бывши|-pppama-si:суща,сѹща|-pppamd-si:сущемъ,сѹщемъ|-sppamd-si:сущю,сѹщю,сущу,сѹщѹ,сѹщȣ,сꙋщꙋ,сѹщꙋ|1saia----i:быхъ,бѧхъ,бꙑхо|2daia----i:быста|-dppamn-si:суща|2dpia----i:еста,ѥста|-sppafa-wi:сущюю|-sppama-si:сущи,сѹщь|-sppand-si:соущꙋ|2pfia----i:боудѣте|1dpia----i:есвѣ,есвҍ|1siia----i:бѣхъ|1dfia----i:будевѣ,бѹдевѣ|-pspafn-si:были|-supand-si:бывъшю,быв꙽шѹ|-sppamg-wi:сѹщааго|-pppamn-wi:соущїи|-pppami-wi:сѹщиими|-sfpamg-wi:бѹдѹщаго|-dppamg-si:сѹщю|-dupamg-si:бывъшю|2saia----i:бысть|2ppma----i:будѣте|-sfpaml-wi:бѹдѹщемъ|-pppann-wi:сущие|-sppann-wi:сущее|-supamn-wi:бывыи,бывьї|-sppamn-si:сѹщь,буда|-supamg-si:бывъша|2siia----i:бѣ|-pppaml-wi:сѹщиихъ|-sppann-si:сѹще|-pppana-si:сѹща|-sppafn-wi:сѹщаꙗ,сѹщаѧ|-sppana-si:сѹще|-pppang-wi:сѹщиихъ,бѹдꙋщих|-sppama-wi:сѹщии|-pppana-wi:соущаѧ|-pppand-si:сѹщемъ|-sppamd-wi:сѹщюѹмѹ|-pupamn-wi:бывъшеи|1ppma----i:бѹдѣмъ|-pupamd-si:бывъшемъ|-sppang-si:сѹща|-dppamd-si:сѹщема|-pupamg-wi:бывъшиихъ|-pppafd-wi:соущимъ|-supafa-wi:бывшꙋю,бывшюю|-supamg-wi:быв꙽шаго|-sfpang-wi:бѹдꙋщаго|-pfpann-wi:бѹдѹщаѧ|-supann-wi:быв꙽шее|-pfpand-wi:бѹдꙋщим|-sfpana-wi:бѹдꙋщее|-pfpana-wi:бѹдꙋщаѧ,будущая|-pupang-wi:быв꙽шихъ|-sppana-wi:сѹщее|-pupama-wi:быв꙽шаѧ|-dspamn-si:была|-supama-wi:бывшии|-pppann-si:суща|-dupamg-wi:бывшею|-supang-si:бывша
123767
яко;яко;Dq;---------n;no distractor
се;се;I-;---------n;no distractor
друзии;другыи;A-;-p---mnpwi;-s---fnpwi:дроугая|-s---fapwi:другую,дрѹгѹю|-s---napwi:другое,дрȣгоѥ|-s---mdpwi:другому,дрꙋгомѹ|-p---mdpwi:дрѹгыимъ|-s---nnpwi:другое,дрꙋгое|-s---ngpwi:другога,другаго|-s---fgpwi:другоѣ,дрѹгїѧ,другия|-p---mdpsi:другомъ|-p---flpwi:другых|-s---mapwi:другыи,дрѹгыи,дрѹгꙑи|-s---mlpsi:друзѣмь|-p---mipwi:другыми|-s---mnpwi:другыи,дрѹгыи,дрꙋгїи,дрѹгїи|-s---mgpwi:другаго,дрѹгаго,другого|-p---mnpsi:другї|-s---mipwi:другымь|-p---fnpwi:другыя,дрѹгыѧ,дрꙋгїѧ|-s---mdpsi:дрѹгѹ|-s---mlpwi:другомъ|-p---napwi:дрꙋгаѧ|-p---fipwi:дрꙋгими|-s---mgpsi:дроуга|-p---mapsi:друзи|-p---nnpwi:другыя|-p---mgpwi:других,другых|-s---nlpsi:друзѣ
зовут;зъвати;V-;3ppia----i;-spppfa-si:зовему|3spia----i:зоветь,зоветъ|3piia----i:звахуть|-spppfn-wi:зовомая,зовемая|1saia----i:звахъ|--pna----i:звати|2ppia----i:зовѣте|-suppmn-si:званъ|-puppmg-wi:званныхъ|-supamn-wi:звавыи|-suppmn-wi:званои|-pppamn-si:звали|-pspamn-si:звали|-spppmn-si:зовомъ|-sppamn-si:зовѹщь|-puppmn-si:звани|-spppml-wi:зовомѣм|1paia----i:звахом|-spppmn-wi:зовомыи|-spppfd-wi:зовомѣи|1ppia----i:зовемъ|-ppppnn-wi:зовемая|3siia----i:зваше
сѧ;себе;Pk;3s---qa--i;3s---qd--i:собѣ,себе,себѣ|3s---md--i:собѣ,себе,собе,себѣ,Себѣ,сѣбѣ|3p---md--i:собѣ,себѣ|3s---ml--i:собѣ,себѣ,себе,СЕБѢ,сѣбѣ,събѣ|3s---qg--i:собе,себе,себѧ,себя|3s---fd--i:собѣ,сѣбе,себѣ,собҍ|3s---mi--i:соб[ою|3s---fi--i:собою|3s---mg--i:себе,собе,собя,себя,собѧ,себѣ,себѧ|3s---qi--i:собою|3s---ql--i:себѣ,собе|3s---fg--i:себѧ,сѣбѧ,себе|3s---fl--i:себѣ,собѣ|3s---fa--i:сїѧ|3p---mi--i:собою|3d---md--i:себе,себѣ|3s---nd--i:си|3s---ni--i:собою|3p---mg--i:себѣ,себе
свое;свои;Nb;-p---mn--i;no distractor
друзии;другыи;A-;-p---mnpwi;-s---fnpwi:дроугая|-s---fapwi:другую,дрѹгѹю|-s---napwi:другое,дрȣгоѥ|-s---mdpwi:другому,дрꙋгомѹ|-p---mdpwi:дрѹгыимъ|-s---nnpwi:другое,дрꙋгое|-s---ngpwi:другога,другаго|-s---fgpwi:другоѣ,дрѹгїѧ,другия|-p---mdpsi:другомъ|-p---flpwi:другых|-s---mapwi:другыи,дрѹгыи,дрѹгꙑи|-s---mlpsi:друзѣмь|-p---mipwi:другыми|-s---mnpwi:другыи,дрѹгыи,дрꙋгїи,дрѹгїи|-s---mgpwi:другаго,дрѹгаго,другого|-p---mnpsi:другї|-s---mipwi:другымь|-p---fnpwi:другыя,дрѹгыѧ,дрꙋгїѧ|-s---mdpsi:дрѹгѹ|-s---mlpwi:другомъ|-p---napwi:дрꙋгаѧ|-p---fipwi:дрꙋгими|-s---mgpsi:дроуга|-p---mapsi:друзи|-p---nnpwi:другыя|-p---mgpwi:других,другых|-s---nlpsi:друзѣ
же;же;Df;---------n;no distractor
оурмане;урмане;Nb;-p---mn--i;no distractor
анъглѧне;аньгляне;Nb;-p---mn--i;no distractor
друзіи;другыи;A-;-p---mnpwi;-s---fnpwi:дроугая|-s---fapwi:другую,дрѹгѹю|-s---napwi:другое,дрȣгоѥ|-s---mdpwi:другому,дрꙋгомѹ|-p---mdpwi:дрѹгыимъ|-p---mapwi:другия,друзии,другыя,другыѣ,дрѹгыѧ,дрѹгиѧ,дрѹгꙑꙗ,дгугыѣ,другыꙗ,дгугыꙗ|-s---nnpwi:другое,дрꙋгое|-s---ngpwi:другога,другаго|-s---fgpwi:другоѣ,дрѹгїѧ,другия|-p---mdpsi:другомъ|-p---flpwi:другых|-s---mapwi:другыи,дрѹгыи,дрѹгꙑи|-s---mlpsi:друзѣмь|-p---mipwi:другыми|-s---mnpwi:другыи,дрѹгыи,дрꙋгїи,дрѹгїи|-s---mgpwi:другаго,дрѹгаго,другого|-p---mnpsi:другї|-s---mipwi:другымь|-p---fnpwi:другыя,дрѹгыѧ,дрꙋгїѧ|-s---mdpsi:дрѹгѹ|-s---mlpwi:другомъ|-p---napwi:дрꙋгаѧ|-p---fipwi:дрꙋгими|-s---mgpsi:дроуга|-p---mapsi:друзи|-p---nnpwi:другыя|-p---mgpwi:других,другых|-s---nlpsi:друзѣ
гъте;готе;Nb;-p---mn--i;no distractor
тако;тако;Df;---------n;no distractor
и;и;Df;---------n;no distractor
си;сии;Pd;-p---mn--i;-s---fa--i:сию,Сию,сїю,сюю,сію|-p---mg--i:сихъ,Сихъ|-s---fg--i:сея,сее,сеѧ,сеꙗ,сїѧ,сеѥ|-p---fd--i:симъ|-p---fl--i:сихъ|-s---mg--i:сего,сегѡ|-p---ml--i:сихъ|-s---nl--i:семь,семъ,сѣмъ,сѥмь,семʼ|-p---nl--i:сихъ,сихʼ|-s---nn--i:сие,сїе|-s---ml--i:семь,семъ,сѣмъ,семʼ|-p---md--i:симъ,сим꙽|-s---ng--i:сего,сегѡ|-d---md--i:сима|-s---fi--i:сею|-s---nd--i:сему,семѹ,семꙋ|-s---ni--i:симъ,симь|-s---md--i:сему,семѹ,семꙋ|-p---ng--i:сихъ|-s---mi--i:симь,симъ|-p---fg--i:сихъ|-s---fd--i:сеи|-p---fi--i:сими|-d---mg--i:сею|-p---nd--i:симъ,сим꙽|-p---ni--i:сими|-d---mi--i:сима|-d---ma--i:сия
рѣша;рещи;V-;3paia----i;--pna----i:рещи-|-pupamn-si:рекъше|3saia----i:рече,Рече,рѣче,реч҃,речь|1paia----i:рекохомъ|-supana-si:рекъше,рек꙽ше|-ppppmn-wi:рекомии|3daia----i:рекоста|-supamn-si:рекъ,рѣхъ,Рекъ|-sppamn-si:р]ека|-pppamn-si:рекоуче,рекоуще|2ppma----i:рьцѣте,речете|-sppafn-si:рькуще,рькущи|-suppnn-si:реченно|2spma----i:речши|-supafn-si:рекъши|1ppma----i:рцѣмъ|-spppma-wi:рекомыи|-sspamn-si:реклъ|1saia----i:рекохъ,рѣкъхъ|1spia----i:реку,рекѹ|-supamd-si:рекшемꙋ|2paia----i:рекосте|-dupamd-si:рекшема|3siia----i:речаше|3spia----i:речетъ,речеть|-sppamd-si:рекущю,рекѹщю|3ppia----i:рекуть,рекутъ,рекѹть,рекꙋтъ|1ppia----i:речемъ|-dspamn-si:рекла|-pspamn-si:рекъли|-sppamn-wi:рекыи|-dupamn-si:рекъша|-supang-wi:рекъшааго|-supamg-si:рекъша|-suppnn-wi:реченʼное|-spppmn-si:рк|1dpia----i:речеве|-supana-wi:рекъшеѥ|2ppia----i:речете|-supamd-wi:рекъшюѹмѹ|-pupamd-si:рекъшемъ|-supann-wi:рекшеѥ|-supamg-wi:рекъшааго|-sppamg-si:рекѹща,рекуща|-supann-si:рек꙽ше|-spppmn-wi:рекомыи|-suppnd-wi:реченномѹ|-pupamd-wi:рекшимъ|-puppna-wi:реченнаѧ|-suppml-wi:реченѣм|-spppfn-wi:рекомая|-dppamn-si:рекуща|-pppafn-si:ркучи
русь;русь;Ne;-s---fn--i;-s---fg--i:роуси|-s---fl--i:роусе|-s---fd--i:роуси|-s---fi--i:роусию
123771
чюдь;чудь;Ne;-s---fn--i;no distractor
словѣни;словѣнинъ;Nb;-p---mn--i;-p---mg--i:словѣнъ,словень|-p---md--i:словѣномъ|-p---ml--i:словѣнѣх|-p---mi--i:словеньми|-s---mn--i:словѣнинъ
и;и;C-;---------n;no distractor
кривичи;кривичи;Nb;-p---mn--i;no distractor
123773
всѧ;вьсь;Px;-s---fn--i;-s---fd--i:вьсеи,все и|-s---na--i:вьсе,вохо|-p---fn--i:вси,всѣ,все|-s---fa--i:вьсю,въсю|-s---nn--i:вьсе|-p---ml--i:всѣхъ|-p---mi--i:вьсѣми|-s---ma--i:весь,вьсь,весъ,въсь|-p---md--i:вьсѣмъ|-p---mg--i:вьсѣхъ|-s---ni--i:вьсѣмь|-s---mn--i:весь,вьсь|-s---nl--i:вьсемь|-p---fd--i:вьсѣмъ|-p---ng--i:вьсѣхъ|-p---fg--i:вьсѣхъ|-s---mg--i:вьсего|-p---ni--i:всѣми|-p---fl--i:всѣхъ|-s---ng--i:вьсего|-s---md--i:въсемѹ,всѣмоу,всемоу,Всемоу|-p---nl--i:вьсѣхъ|-s---fl--i:всеи,всѣи,всей|-s---fi--i:вьсею|-s---nd--i:всему,всѧмѹ,всемѹ,всѣмѹ,всемꙋ|-s---mi--i:всѣмъ|-s---ml--i:вьсемь|-p---nd--i:вьсѣмъ|-p---fi--i:вьсѣми
землѧ;земля;Nb;-s---fn--i;-s---fa--i:земьлю|-s---fl--i:земьли|-s---fd--i:земли,землі,землѣ,землї,ȥемли|-p---fg--i:земель|-s---fi--i:землею|-p---fa--i:землѣ,земли,земля|-p---fd--i:землѧмъ,землꙗмъ,зѣмлꙗмъ,землямъ|-s---fv--i:земле,землѣ|-p---fl--i:землѧхъ|-p---fi--i:землями
наша;нашь;Ps;1s---fn--i;1s---mn--i:нашь,н҃шь,нашъ,нш҃ь|1s---nd--i:нашему,нашемѹ|1s---md--i:нашему,нашемѹ,нашемꙋ|1s---fl--i:нашеи|1p---mn--i:наши,нашї,н҃ша|1s---fg--i:нашея,нашеꙗ,нашеѧ,нашеи,н҃шеи|1s---ng--i:нашего,нашева|1s---nn--i:наше|1s---ma--i:нашь|1p---mg--i:нашихъ,нашего,н҃шихъ,наших҃|1s---mg--i:нашего,нашегѡ|1s---fa--i:нашю,нашу,н҃шю,нашѹ,нашꙋ|1p---nd--i:нашим|1p---ml--i:нашихъ|1p---fd--i:нашимъ|1s---ml--i:нашемь|1s---na--i:наше,нашѣ|1p---md--i:нашимъ,нашимь,н҃шимъ|1p---fg--i:нашиихъ|1p---mi--i:нашими,нашимы|1p---ng--i:наших|1d---nn--i:наши|1d---fa--i:наши|1p---nl--i:наших|1p---fl--i:нашихъ|1s---nl--i:нашемъ|1s---fd--i:нашей,нашеи|1p---pn--i:наши|1d---nl--i:нашу|1s---fi--i:нашею|1s---mi--i:нашимь|1s---ni--i:нашимъ|1p---fi--i:нашими|3s---ni--i:нашимъ
велика;великыи;A-;-s---fnpsi;-s---fnpwi:великая,великаѧ,великаꙗ|-s---mipwi:великимъ,великимь,великымъ,великим҃|-s---napwi:великое,вѣликоѥ|-s---mnpsi:великъ,велѣкъ,великы|-s---fapsi:велику,великѹ,великꙋ,велїку|-p---mnpsi:велици,великї,велики,великы,великꙑ|-s---napsi:велико|-p---fapwi:великия,великїа,великыя|-s---flpsi:велицѣ,велици|-s---mgpwi:великааго|-p---mnpwi:великии,велиции,великие,велицїи,великыѧ|-p---mdpwi:великимъ,великьмъ|-s---mnpwi:великии,великыи,великий,Великой,великꙑи,великои,великїй,великїи,велїкии,великый,великій,Великий|-s---mdpwi:великѹѹмѹ|-p---mlpwi:великихъ|-s---mipsi:великомь,великимь,великъмь|-s---fipti:великою,вѣликою|-s---mlpwi:велицѣмь,велицемъ,великомъ|-s---mapsi:великъ|-s---nipsi:великомь|-p---mipsi:велики|-d---nipsi:великыма|-s---mdpsi:велику,великѹ|-s---mapwi:великыи,Великий,великїи,великои,великый|-s---fdpsi:велицѣ|-p---mapwi:великыя,великиѧ,великыи|-s---nipwi:великымъ,великимъ,великꙑмь|-s---fapwi:великую,великѹю,великꙋю|-s---nnpsi:велико|-s---flpwi:велицѣи,вѣликой,велицїи,велиции|-s---ndpsi:велику|-p---mgpwi:великихъ,великыхъ|-p---ngpwi:великых,великих|-s---mlpsi:велицѣ,велице,велици|-p---mapsi:великы,вѣлици,велики|-p---mipwi:великими,великыми|-s---ndpwi:великууму|-d---nnpsi:велицѣ|-s---nlpsi:велицѣ|-p---fnpwi:великїе,великия,великыѧ|-s---fgpwi:великие,великыꙗ,великїа,великыѧ,Великія|-s---fgpsi:великы|-p---nipwi:великыми|-p---napwi:великаѧ,великая|-p---fnpsi:велици|-s---fdpwi:великои,велицѣи|-p---fapsi:велици|-s---nlpwi:великомъ|-s---ngpwi:великого,великаго|-s---nnpwi:великое|-p---nnpwi:великыѧ|-p---ndpwi:великимъ
и;и;C-;---------n;no distractor
ѡбилна;обильныи;A-;-s---fnpsi;no distractor
123774
а;а;C-;---------n;no distractor
нарѧда;нарядъ;Nb;-s---mg--i;no distractor
в;въ;R-;---------n;no distractor
неи;и;Pp;3s---fl--i;3s---mg--i:него,нѣго,нево,негѡ,нѣво,нѥго,ѥ]го|3p---ml--i:нихъ,нихʼ,них҃|3p---md--i:им же|3s---ma--i:нь,не,и҃|3s---md--i:емоу,нему,нѣму,немѹ,нѥмѹ,немȣ,нѥмо,немꙋ,ѥмоу,нѣмѹ,нѣмꙋ|3s---mi--i:нимъ,немъ,нимь,нїмь,ним꙽,дним,нимо|3p---fa--i:нѣ|3s---na--i:е же|3p---mg--i:нихъ,нїхъ,нихʼ|3p---ma--i:ихъ|3s---fi--i:нею,нѣю,нѥю|3p---mi--i:ними.|3p---fg--i:нихъ|3p---ng--i:ихъ|3d---ma--i:нѧ|3d---md--i:нима|3s---ng--i:него|3s---fa--i:ню|3s---ml--i:немь,немъ,нѣмь,нѣмъ,ньмь,нѥмь,немʼ,нем҃|3d---mi--i:нима|3d---mg--i:нее,нею|3p---fl--i:нихъ|3s---ni--i:имь,имъ|3p---fd--i:нимъ|3p---fi--i:ними|3p---nl--i:нихъ|3p---na--i:ѧ,ꙗ|3s---nl--i:немъ,немь,нѥмь|3p---nd--i:нимъ|3p---ni--i:ими|3s---nd--i:емѹ
нѣтъ;нѣту;V-;---------n;no distractor
123775
да;да;Df;---------n;no distractor
поидѣте;поити;V-;2ppma----i;-sspafn-si:пошла|--pna----i:поити|3saia----i:по[и]де|3daia----i:поидоста|2spma----i:поиди,поиді,пѡꙇди|1spia----i:поиду,поидѹ|2spia----i:поидеши|2ppia----i:поидете,поидите|-sspamn-si:ношелъ,пошелъ,пошьлъ|1ppia----i:поидемъ,поидѣмъ,поидем҃|3paia----i:по[идо]ша|3spia----i:поидеть,пѡидеть|1ppma----i:поидемъ|2dpma----i:поидѣта,поидита|1dpma----i:поидевѣ|-supamn-si:пошедъ|-pupamd-wi:пошедшим|-pspamn-si:пошли|3ppia----i:пѡꙇдуть,поидѹть|-pspann-si:пошли|1saia----i:поидохъ|-sspann-si:пошло|-pupamn-si:пошедше|-sppamn-si:поида|3piia----i:поидѧхуть|-pppamn-si:подуче
кнѧжитъ;къняжити;V-;---u--a--i;3spia----i:кнѧжит|3siia----i:кнѧжаше|3saia----i:кнѧжи|3diia----i:кнѧжаста|3dpia----i:кнѧжита|-sppamn-si:кнѧжа|--pna----i:кнѧжити|-supamn-si:кнѧживъ|2spma----i:кнѧжи|-sppamd-si:кнѧжащю|3ppia----i:кнѧжать
и;и;C-;---------n;no distractor
володѣти;володѣти;V-;--pna----i;-pppamd-si:володѣющемъ|3ppia----i:володѣють|-sspamn-si:володѣлъ|-sppamn-si:володѣя
нами;мы;Pp;1p---mi--i;1p---ml--i:насъ|1p---mn--i:мьы|1p---md--i:намъ,Намъ,нам꙽,намо|1p---qd--i:намъ|1p---qg--i:насъ|1p---ma--i:насъ|1p---qa--i:ны|1p---mg--i:насъ,нас҃,насо|1p---fn--i:мы|1p---fd--i:намъ
123776
и;и;C-;---------n;no distractor
изъбраша;избьрати;V-;3paia----i;3saia----i:избьра,из꙽бра,изъбра|3spia----i:исбереть|-puppmn-wi:избрании|-suppmn-wi:избраннои|-puppmi-wi:изʼбранʼными|-puppma-wi:избранныя|--pna----i:ꙇзбирати|-supamn-si:избьравъ,из꙽бравъ|-puppmg-wi:изʼбранʼныхъ|-suppma-si:из꙽бранъ|-suppmd-si:из꙽браннѹ|-suppmn-si:из꙽бранъ,изъбранъ|-sspamn-si:из꙽бралъ|-suppnd-wi:избранномꙋ|-supamn-wi:избравыи|-suppnn-wi:изъбранное|-suppmg-wi:из꙽браннаго|-puppng-wi:изъбранныхъ
сѧ;себе;Pk;3s---qa--i;3s---qd--i:собѣ,себе,себѣ|3s---md--i:собѣ,себе,собе,себѣ,Себѣ,сѣбѣ|3p---md--i:собѣ,себѣ|3s---ml--i:собѣ,себѣ,себе,СЕБѢ,сѣбѣ,събѣ|3s---qg--i:собе,себе,себѧ,себя|3s---fd--i:собѣ,сѣбе,себѣ,собҍ|3s---mi--i:соб[ою|3s---fi--i:собою|3s---mg--i:себе,собе,собя,себя,собѧ,себѣ,себѧ|3s---qi--i:собою|3s---ql--i:себѣ,собе|3s---fg--i:себѧ,сѣбѧ,себе|3s---fl--i:себѣ,собѣ|3s---fa--i:сїѧ|3p---mi--i:собою|3d---md--i:себе,себѣ|3s---nd--i:си|3s---ni--i:собою|3p---mg--i:себѣ,себе
г҃;трие;Ma;---------n;-p---fa--i:трїе,трьї|-p---ml--i:трехъ,трьхъ|-p---ma--i:три,г.и|-p---na--i:три,трї|-p---mn--i:трее,трие,триѥ,трїе|-p---nl--i:трехъ|-p---ng--i:трии,г҃·х|-p---fl--i:трехъ|-p---mi--i:треми,трьми|-p---ni--i:г҃·ми,треми|-p---fg--i:трии|-d---mi--i:трема|-p---mg--i:трехъ|-p---nn--i:три|-p---fi--i:трьми,треми|-p---md--i:трїемъ|-p---fn--i:три|-d---ng--i:трею
братья;братия;Nb;-s---fn--i;-s---fl--i:братьи,братїи|-s---fa--i:братью,братию,братїю,брат҃ю|-s---fd--i:братьи,братьѣ,братье,братии,братїи,брат҃и|-p---fn--i:братьѣ,братиꙗ|-s---fi--i:братьею,братиѥю,братиею,братїею,братьєю,братьѥю|-p---fl--i:братьях|-p---fd--i:братїамъ,братїѧмъ|-p---fi--i:братїѧми
с;съ;R-;---------n;no distractor
роды;родъ;Nb;-p---mi--i;-s---mn--i:родъ,Родъ|-s---mi--i:родомъ,родомь,родъмь|-s---ml--i:родѣ,родꙋ,родѹ|-s---mg--i:рода,рада,роду|-s---ma--i:родъ,рѡд꙽|-p---md--i:родомъ|-s---md--i:родоу|-p---mn--i:роди|-p---mg--i:родовъ
своими;свои;Pt;3p---mi--i;3s---fl--i:своеи,своей,своѥи|3s---ni--i:своимъ,своимь|3s---mi--i:асвоимъ|3p---nl--i:своихъ|3s---mg--i:своего,своѥго,своево,своѥгѡ,своегѡ,своєго|3s---ml--i:своемь,своемъ,своѥмь,своѥмъ|3s---ma--i:свои,свой,свої,свѡи|3s---nn--i:свое,своѥ|3s---na--i:свое,своѥ,своe|3p---ma--i:свои,своя,своѣ,своѧ,своꙗ,своѥ|3p---mg--i:своихъ,своих҃|3p---fd--i:своимъ|3p---md--i:своимъ|3s---fg--i:своеіѧ|3p---fa--i:своѥꙗ|3s---md--i:своѥмоу|3p---na--i:своя,свои,своѧ,своꙗ,своа|3d---ma--i:своя,свои,своꙗ,своѧ|3p---fg--i:своихъ|3s---fd--i:своеи,своѥи,своей,своєи|3s---fa--i:свою|3s---ng--i:своего,своѥго,своѥгъ|3p---ml--i:своихъ|3p---ng--i:своихъ|3s---fi--i:своею,своѥю,своєю|3s---mn--i:своимь|3d---fi--i:своима|3d---fg--i:своею,своѥю|3d---fa--i:свои,свої|3p---mn--i:свои|3s---nl--i:своемъ,своемь,своѥмъ,своѥмь|3d---ni--i:своима|3d---fd--i:своима|3s---fn--i:своя,своѧ,своꙗ,свъѧ|3s---nd--i:свосемѹ|3d---na--i:свои|3d---mg--i:своею,своѥю|3d---md--i:своима|3d---mi--i:своима|3p---fl--i:своихъ,своеих|3d---ng--i:своею|3d---fl--i:своѥю,своею|3p---fn--i:свои|3p---nd--i:своимъ|3d---nl--i:своею|3d---ml--i:своею
123778
пояша;пояти;V-;3paia----i;-supamn-si:поимъ,поемъ|3saia----i:поꙗтъ|3ppia----i:поимуть,поимѹть|1ppma----i:поимемъ|-supafn-si:поимъши|--pna----i:пояти,поꙗти,поѧти|-sspamn-si:поялъ,поꙗлъ,поѧлъ|2spma----i:поими|-pupamn-si:поимше,поемше|2ppma----i:поимѣте|1saia----i:пояхъ|1paia----i:пояхом|3spia----i:пѡꙇиметь|-sppamn-si:поима|1spia----i:поимꙋ
по;по;R-;---------n;no distractor
собѣ;себе;Pk;3s---ml--i;3s---qa--i:стѧ,сиѧ,с꙽ѧ|3p---ma--i:сѧ|3s---ma--i:собѧ,себѧ|3s---qg--i:собе,себе,себѧ,себя|3s---mi--i:соб[ою|3s---fi--i:собою|3s---mg--i:себе,собе,собя,себя,собѧ,себѣ,себѧ|3s---qi--i:собою|3s---ql--i:себѣ,собе|3s---fg--i:себѧ,сѣбѧ,себе|3s---fa--i:сїѧ|3p---mi--i:собою|3d---md--i:себе,себѣ|3s---nd--i:си|3s---ni--i:собою|3p---mg--i:себѣ,себе
всю;вьсь;Px;-s---fa--i;-p---ma--i:въсѧ,вьсꙗ,вьсѧ|-p---mn--i:вьси,в꙽си,вохи|-s---fd--i:вьсеи,все и|-p---na--i:вьсѧ,вьсꙗ|-s---na--i:вьсе,вохо|-p---fn--i:вси,всѣ,все|-s---nn--i:вьсе|-p---ml--i:всѣхъ|-s---fn--i:вьсꙗ,вьсѧ,в[сѧ|-p---mi--i:вьсѣми|-p---fa--i:вьсꙗ,вьсѣ,вьсѧ|-s---ma--i:весь,вьсь,весъ,въсь|-p---md--i:вьсѣмъ|-p---mg--i:вьсѣхъ|-s---ni--i:вьсѣмь|-s---mn--i:весь,вьсь|-s---nl--i:вьсемь|-p---fd--i:вьсѣмъ|-p---nn--i:вьсꙗ,вьсѧ|-p---ng--i:вьсѣхъ|-p---fg--i:вьсѣхъ|-s---mg--i:вьсего|-p---ni--i:всѣми|-p---fl--i:всѣхъ|-s---ng--i:вьсего|-s---md--i:въсемѹ,всѣмоу,всемоу,Всемоу|-p---nl--i:вьсѣхъ|-s---fg--i:вьсеꙗ|-s---fl--i:всеи,всѣи,всей|-s---fi--i:вьсею|-s---nd--i:всему,всѧмѹ,всемѹ,всѣмѹ,всемꙋ|-s---mi--i:всѣмъ|-s---ml--i:вьсемь|-p---nd--i:вьсѣмъ|-p---fi--i:вьсѣми
русь;русь;Ne;-s---fa--i;-s---fg--i:роуси|-s---fl--i:роусе|-s---fd--i:роуси|-s---fi--i:роусию
123779
и;и;C-;---------n;no distractor
придоша;приити;V-;3paia----i;-pupamn-si:пришедъше,прешедъше,пришьдъше,пришед꙽ше|--pna----i:приити,прїити|-supamd-si:пришедъшю,пришьдъшю|3saia----i:прииде,прїйде,прїиде|-dupamn-si:пришедъша,пришьдъша|3daia----i:прїидоста|2dpma----i:придѣта|-supamn-si:пришедъ,Пришедъ,пришьдъ,пришедʼ|-dupamd-si:пришедъшема,пришьдъшема|-pupamd-si:пришедъшемъ,пришьдъшемъ|-pupamd-wi:пришедъшимъ|3ppia----i:прїидѹтъ,приидѹть,прїидꙋть,придоуть,приидуть|3spia----i:прїидетъ,приидеть,прїидеть|1paia----i:приидохомъ|2paia----i:прїидосте|1spia----i:прїиду,прїидѹ|2ppma----i:прїидѣте|-supamg-si:пришьдъша,пришедʼша|-sspamn-si:пришелъ,прішелъ,пришьлъ|1saia----i:приидохъ,прїидохъ,приидох꙽|-sspafn-si:пришьла|-pspamn-si:пришьли|2spma----i:прииди|1ppia----i:придемъ|-sppaml-wi:придущемь|-dspamn-si:пришьла|3piia----i:придѧху|-pupami-wi:пришедшими|2spia----i:придеши,придьши|-supana-wi:пришьдъшеѥ|-pspafn-si:пришли|-sspann-si:пришло|-supafd-si:пришьдъши|-supafn-si:пришедъши,пришьдъши|-sppama-wi:приидѹщии|3siia----i:приидѧше|2ppia----i:прїидѣте|-supamg-wi:пришедʼшаго|1ppma----i:прїидем|-supamn-wi:пришедыи|-dupamd-wi:пришдъшима|-pspann-si:пришла
134578
старѣишии;старыи;A-;-s---mncwi;-s---fncwi:старѣишая|-s---fapwi:старую|-s---mgcwi:старѣишааго|-s---mnpsi:старъ|-s---fgpsi:стары|-s---facwi:старѣишюю|-s---mncti:старѣи|-s---mdcwi:старѣишему,старѣишемꙋ|-p---mapwi:старыя,Старыя|-p---mdcsi:старѣишимъ|-p---mgcwi:старѣишихъ|-p---mdcwi:старѣишимъ,стареишимъ|-s---mnswi:старѣишеи|-p---mlpwi:старых|-s---nncwi:старѣишее|-s---mnpwi:старыи,старои|-p---mdpwi:старымъ|-s---mgcsi:старѣиша|-s---mdpsi:старѹ,стару|-s---mapwi:старои|-s---ndpwi:старомѹ,старому|-s---napwi:старое|-s---ngpwi:старова,стараго|-s---mdpwi:старому|-p---mgpwi:старых|-s---mgpwi:старова,стараго|-s---fgpwi:старыя|-s---mdcsi:старѣишю|-p---fnpwi:старыѧ|-s---mapsi:старъ|-s---mncsi:старѣиши|-s---mgpsi:стара|-p---nipwi:старыми
рюрикъ;рюрикъ;Ne;-s---mn--i;no distractor
123780
а;а;C-;---------n;no distractor
другии;другыи;Mo;-s---mn--i;-s---md--i:другому,дрѹгомѹ|-s---mi--i:дрѹгыимь|-s---fl--i:другой,дрѹгои|-s---na--i:дрѹгое,другое,дрѹгоѥ|-s---ml--i:дрѹгомъ|-s---ng--i:дрѹгово,другаго|-s---fg--i:дрѹгои|-p---ma--i:дрѹгїе,дрꙋгїе,другыѣ|-s---mg--i:дроугого|-s---fn--i:другая,дрѹгаа|-s---fd--i:другои,дрꙋгои|-s---fa--i:другую,дрѹгѹю|-p---fa--i:другие|-s---nn--i:дрꙋгое|-s---fi--i:дрꙋгою,дрѹгою|-p---qa--i:дрꙋгїе,дрꙋгїа|-s---nl--i:дрѹгомъ
синеоусъ;синеусъ;Ne;-s---mn--i;no distractor
на;на;R-;---------n;no distractor
бѣлѣѡзерѣ;бѣлоозеро;Ne;-s---nl--i;no distractor
123781
а;а;C-;---------n;no distractor
третии;третии;Mo;-s---mn--i;-s---md--i:третьему,третьѥму|-s---fl--i:третьеи|-s---na--i:третьее,третьїе|-s---fn--i:третьяя|-s---ml--i:третьемъ|---------n:г҃.и,г.҃е|-p---ma--i:третие|-s---mg--i:третьꙗгѡ,третїѧго,третьяго|-s---nn--i:третьѥѥ|-s---fa--i:третюю|-p---fg--i:третихъ|-s---nl--i:трете|-s---qa--i:третьии|-s---fi--i:третьею|-s---fg--i:третїѧ|-s---ng--i:третьаго,третьꙗго|-p---fl--i:третьихъ|-s---ni--i:третьимь
изборьстѣ;изборьскъ;Ne;-s---ml--i;no distractor
труворъ;труворъ;Ne;-s---mn--i;no distractor
123782
ѿ;отъ;R-;---------n;no distractor
тѣхъ;тыи;Pd;-p---mg--i;-s---nn--i:тое|-s---ma--i:той,тои,тꙑи|-p---mn--i:тыя,тые,тїи,тѣе,Тіи|-s---ni--i:тѣмь,тѣмъ,темъ,тѣмʼ,темь|-s---mg--i:того,тово,тогѡ,тог҃,тг҃о,Того|-s---nd--i:ткомоу|-s---ng--i:того,тово,тогѡ|-s---na--i:тое,тоє|-p---ma--i:тыꙗ,тыи|-s---mi--i:тѣмь,тѣмъ,темъ,тымъ,тымь|-p---md--i:тѣмъ,тѣмь,тѣ҃м,темь|-p---mi--i:тѣми,теми,тыми,Тѣми|-d---mn--i:та|-s---fl--i:тои,той|-s---fd--i:тои,той,тѡи,тъй|-s---mn--i:тои,теи,Тъй|-s---fn--i:тоѧ,Тая,тая|-s---nl--i:томъ,томь,тѡмь,тѡмъ,томо|-s---md--i:томоу|-s---ml--i:томъ,томь,тѡмь,томо|-s---fg--i:тоя,тои,тое,тоѣ,тоѧ,тоꙗ,тоє,тоѥ|-s---fa--i:тую,тѹю|-d---ma--i:та|-p---fn--i:тѣе|-p---ni--i:тѣми|-p---na--i:таѧ|-p---fa--i:тоѧ|-d---mg--i:тою|-s---fi--i:тою|-p---fd--i:тѣмъ|-p---nn--i:та,тѣ|-p---nd--i:тѣм|-p---fi--i:теми,тѣми|-d---md--i:тѣма|-d---nl--i:тию
прозва;прозъвати;V-;3paia----i;no distractor
сѧ;себе;Pk;3s---qa--i;3s---qd--i:собѣ,себе,себѣ|3s---md--i:собѣ,себе,собе,себѣ,Себѣ,сѣбѣ|3p---md--i:собѣ,себѣ|3s---ml--i:собѣ,себѣ,себе,СЕБѢ,сѣбѣ,събѣ|3s---qg--i:собе,себе,себѧ,себя|3s---fd--i:собѣ,сѣбе,себѣ,собҍ|3s---mi--i:соб[ою|3s---fi--i:собою|3s---mg--i:себе,собе,собя,себя,собѧ,себѣ,себѧ|3s---qi--i:собою|3s---ql--i:себѣ,собе|3s---fg--i:себѧ,сѣбѧ,себе|3s---fl--i:себѣ,собѣ|3s---fa--i:сїѧ|3p---mi--i:собою|3d---md--i:себе,себѣ|3s---nd--i:си|3s---ni--i:собою|3p---mg--i:себѣ,себе
руская;русьскыи;A-;-s---fnpwi;-s---nnpwi:руское|-p---mnpwi:роус҃стии|-s---fnpsi:рѹс҃ска|-s---mgpwi:рускаго|-p---mdpwi:роусьскымъ|-p---fapwi:руския,рѹскые|-p---mapwi:русьскыѣ|-s---fgpwi:русьскыя,русьскыѣ,русьскиѣ,рѹсьскꙑꙗ,рѹс҃скꙑꙗ|-s---mnpwi:русьскыи,сѹрьскꙑи,рѹсьскꙑи|-s---mdpwi:рѹсскомѹ|-s---mdpsi:руску|-p---mgpwi:рѹсьскꙑихъ,роусьскыхъ,роус҃скыхъ|-s---mipwi:рус҃скимъ|-p---mlpwi:роус҃скыхъ|-s---fapsi:русьску,рѹсьскѹ|-s---mlpwi:рѹсьстѣмь|-s---fapwi:роус҃скоую|-s---flpwi:русьстѣи,русьскѣи,рѹсьскѣи,рѹсьстей,рѹсьстѣи|-s---fdpwi:роусьскои|-s---fdpsi:русьстѣ|-s---flpsi:русьстѣ,рѹсьскѣ|-s---nipwi:русьскымь|-s---fgpsi:русьскы|-p---mnpsi:русскиѣ|-s---napwi:руское,рѹское|-p---mipwi:русскими|-p---flpwi:руских|-s---ndpwi:рѹсскомѹ|-s---mapwi:рѹськыи|-s---fipti:рускою|-p---fnpwi:рускія|-s---ngpwi:рускаго
землѧ;земля;Nb;-s---fn--i;-s---fa--i:земьлю|-s---fl--i:земьли|-s---fd--i:земли,землі,землѣ,землї,ȥемли|-p---fg--i:земель|-s---fi--i:землею|-p---fa--i:землѣ,земли,земля|-p---fd--i:землѧмъ,землꙗмъ,зѣмлꙗмъ,землямъ|-s---fv--i:земле,землѣ|-p---fl--i:землѧхъ|-p---fi--i:землями
134576
новугородьци;новъгородьць;Nb;-p---mn--i;-p---md--i:новъгородьчемъ|-p---mg--i:новьгородьць,новъгородьць|-p---ma--i:новъгородьце,новг[оро]дце|-p---mi--i:новгородьци,новъгородци|-s---md--i:новгородцю|-s---mn--i:новгородець
ти;ти;Df;---------n;no distractor
134584
суть;быти;V-;3ppia----i;3spia----i:есть,етсь,ѥсть,естъ,есте|-pppamd-wi:сѹщиимъ|3saia----i:бысть,бꙑсть,быстъ,быстʼ|3siia----i:будѧше,бѧшеть,бѹдꙗше,бѹдѧше,бꙋдѧше,бяшетъ,Бяшеть|-pppama-wi:сущая,сѹщаѧ|3pfia----i:боудоуть|-supamn-si:бывше|3piia----i:бѣахѹть|3paia----i:быша,бꙑша|-sspamn-si:былъ,был꙽,бꙑлъ,бꙑло,бꙑле|--pna----i:быти,бꙑти,быть,Быти|-pppamn-si:соущи,соуще|3diia----i:бѧста,бѣста,беста|1piia----i:бѧхомъ|-pspann-si:была,были|-sppafd-wi:сущеи,сѹщеи|-sppafd-si:сущи,суще,сѹщи,сѹще|-sppamg-si:соуща|1spia----i:ес꙽мь,есемо,есьмь,есьмъ|3spma----i:буди,бѹди,бѹдь,бꙋди|3daia----i:быста,бѣста,бꙑста|3sfia----i:боудеть,боудетъ,боудѣте,боудѣть,боудѣтѣ|-supafd-si:бывъши|-supanl-wi:бывшемъ|-supang-wi:бывшаго|-sfpama-wi:будущии,будущїи,бѹдѹщии,бѹдѹщиї|-sfpamn-wi:будущии|-pppamg-wi:сѹщиихъ|1ppia----i:ес꙽мы|-pfpama-wi:будущая|2spia----i:бѹдеши,бѹдьше|1paia----i:быхомъ,быхъмъ|2ppia----i:есте,ѥсте,естя,єсте|-pupamn-si:бывъше|-sppafa-si:сущю,сѹщю,сѹщȣ,сѹщѹ|-supafn-si:бывши|1sfia----i:буду,бѹдѹ|2spma----i:буди,бѹди,бꙋди|-sppafn-si:соущи|-pupana-wi:бывшая|1pfia----i:будемъ|-sspafn-si:была|-pspamn-si:были,Были|2paia----i:бысте,бѣсте|-sppang-wi:сущаго,сѹщаго|2dfia----i:будета|3dpia----i:еста,ѥста|2sfia----i:бѹдеш]и|-pupamd-wi:бывшимъ|-supamd-si:бывъшю,быв꙽шѹ|-sppamn-wi:соущїи|-sspann-si:был҃о|-supana-wi:бывъшеѥ|-supafa-si:бывшю,бывши|-pppama-si:суща,сѹща|-pppamd-si:сущемъ,сѹщемъ|-sppamd-si:сущю,сѹщю,сущу,сѹщѹ,сѹщȣ,сꙋщꙋ,сѹщꙋ|1saia----i:быхъ,бѧхъ,бꙑхо|2daia----i:быста|-dppamn-si:суща|2dpia----i:еста,ѥста|-sppafa-wi:сущюю|-sppama-si:сущи,сѹщь|-sppand-si:соущꙋ|2pfia----i:боудѣте|1dpia----i:есвѣ,есвҍ|1siia----i:бѣхъ|1dfia----i:будевѣ,бѹдевѣ|-pspafn-si:были|-supand-si:бывъшю,быв꙽шѹ|-sppamg-wi:сѹщааго|-pppamn-wi:соущїи|-pppami-wi:сѹщиими|-sfpamg-wi:бѹдѹщаго|-dppamg-si:сѹщю|-dupamg-si:бывъшю|2saia----i:бысть|2ppma----i:будѣте|-sfpaml-wi:бѹдѹщемъ|-pppann-wi:сущие|-sppann-wi:сущее|-supamn-wi:бывыи,бывьї|-sppamn-si:сѹщь,буда|-supamg-si:бывъша|2siia----i:бѣ|-pppaml-wi:сѹщиихъ|-sppann-si:сѹще|-pppana-si:сѹща|-sppafn-wi:сѹщаꙗ,сѹщаѧ|-sppana-si:сѹще|-pppang-wi:сѹщиихъ,бѹдꙋщих|-sppama-wi:сѹщии|-pppana-wi:соущаѧ|-pppand-si:сѹщемъ|-sppamd-wi:сѹщюѹмѹ|-pupamn-wi:бывъшеи|1ppma----i:бѹдѣмъ|-pupamd-si:бывъшемъ|-sppang-si:сѹща|-dppamd-si:сѹщема|-pupamg-wi:бывъшиихъ|-pppafd-wi:соущимъ|-supafa-wi:бывшꙋю,бывшюю|-supamg-wi:быв꙽шаго|-sfpang-wi:бѹдꙋщаго|-pfpann-wi:бѹдѹщаѧ|-supann-wi:быв꙽шее|-pfpand-wi:бѹдꙋщим|-sfpana-wi:бѹдꙋщее|-pfpana-wi:бѹдꙋщаѧ,будущая|-pupang-wi:быв꙽шихъ|-sppana-wi:сѹщее|-pupama-wi:быв꙽шаѧ|-dspamn-si:была|-supama-wi:бывшии|-pppann-si:суща|-dupamg-wi:бывшею|-supang-si:бывша
людье;людие;Nb;-p---mn--i;-p---ma--i:людиѥ|-p---mg--i:людии,лидии,людїи,людей,людеи,людѣи|-p---mi--i:людьми,людʼми,людеми|-p---md--i:людемъ,людямъ,людьмъ,людѣмъ,людеми|-p---ml--i:людехех|-p---nd--i:людем|-s---na--i:люд҃ѥ
нооугородьци;новъгородьць;Nb;-p---mn--i;-p---md--i:новъгородьчемъ|-p---mg--i:новьгородьць,новъгородьць|-p---ma--i:новъгородьце,новг[оро]дце|-p---mi--i:новгородьци,новъгородци|-s---md--i:новгородцю|-s---mn--i:новгородець
ѿ;отъ;R-;---------n;no distractor
рода;родъ;Nb;-s---mg--i;-s---mn--i:родъ,Родъ|-p---mi--i:роды|-s---mi--i:родомъ,родомь,родъмь|-s---ml--i:родѣ,родꙋ,родѹ|-s---ma--i:родъ,рѡд꙽|-p---md--i:родомъ|-p---ma--i:роды,роди|-s---md--i:родоу|-p---mn--i:роди|-p---mg--i:родовъ
варѧжьска;варяжьскыи;A-;-s---mgpsi;-s---ndpwi:варѧжьскому|-s---napwi:варѧжьское|-s---mipwi:варѧжьскым|-s---fnpwi:варѧзьскаꙗ
123783
преже;прѣже;Df;---------n;no distractor
бо;бо;Df;---------n;no distractor
бѣша;быти;V-;3piia----i;3spia----i:есть,етсь,ѥсть,естъ,есте|-pppamd-wi:сѹщиимъ|3saia----i:бысть,бꙑсть,быстъ,быстʼ|3ppia----i:бдуть,соуть|3siia----i:будѧше,бѧшеть,бѹдꙗше,бѹдѧше,бꙋдѧше,бяшетъ,Бяшеть|-pppama-wi:сущая,сѹщаѧ|3pfia----i:боудоуть|-supamn-si:бывше|3paia----i:быша,бꙑша|-sspamn-si:былъ,был꙽,бꙑлъ,бꙑло,бꙑле|--pna----i:быти,бꙑти,быть,Быти|-pppamn-si:соущи,соуще|3diia----i:бѧста,бѣста,беста|1piia----i:бѧхомъ|-pspann-si:была,были|-sppafd-wi:сущеи,сѹщеи|-sppafd-si:сущи,суще,сѹщи,сѹще|-sppamg-si:соуща|1spia----i:ес꙽мь,есемо,есьмь,есьмъ|3spma----i:буди,бѹди,бѹдь,бꙋди|3daia----i:быста,бѣста,бꙑста|3sfia----i:боудеть,боудетъ,боудѣте,боудѣть,боудѣтѣ|-supafd-si:бывъши|-supanl-wi:бывшемъ|-supang-wi:бывшаго|-sfpama-wi:будущии,будущїи,бѹдѹщии,бѹдѹщиї|-sfpamn-wi:будущии|-pppamg-wi:сѹщиихъ|1ppia----i:ес꙽мы|-pfpama-wi:будущая|2spia----i:бѹдеши,бѹдьше|1paia----i:быхомъ,быхъмъ|2ppia----i:есте,ѥсте,естя,єсте|-pupamn-si:бывъше|-sppafa-si:сущю,сѹщю,сѹщȣ,сѹщѹ|-supafn-si:бывши|1sfia----i:буду,бѹдѹ|2spma----i:буди,бѹди,бꙋди|-sppafn-si:соущи|-pupana-wi:бывшая|1pfia----i:будемъ|-sspafn-si:была|-pspamn-si:были,Были|2paia----i:бысте,бѣсте|-sppang-wi:сущаго,сѹщаго|2dfia----i:будета|3dpia----i:еста,ѥста|2sfia----i:бѹдеш]и|-pupamd-wi:бывшимъ|-supamd-si:бывъшю,быв꙽шѹ|-sppamn-wi:соущїи|-sspann-si:был҃о|-supana-wi:бывъшеѥ|-supafa-si:бывшю,бывши|-pppama-si:суща,сѹща|-pppamd-si:сущемъ,сѹщемъ|-sppamd-si:сущю,сѹщю,сущу,сѹщѹ,сѹщȣ,сꙋщꙋ,сѹщꙋ|1saia----i:быхъ,бѧхъ,бꙑхо|2daia----i:быста|-dppamn-si:суща|2dpia----i:еста,ѥста|-sppafa-wi:сущюю|-sppama-si:сущи,сѹщь|-sppand-si:соущꙋ|2pfia----i:боудѣте|1dpia----i:есвѣ,есвҍ|1siia----i:бѣхъ|1dfia----i:будевѣ,бѹдевѣ|-pspafn-si:были|-supand-si:бывъшю,быв꙽шѹ|-sppamg-wi:сѹщааго|-pppamn-wi:соущїи|-pppami-wi:сѹщиими|-sfpamg-wi:бѹдѹщаго|-dppamg-si:сѹщю|-dupamg-si:бывъшю|2saia----i:бысть|2ppma----i:будѣте|-sfpaml-wi:бѹдѹщемъ|-pppann-wi:сущие|-sppann-wi:сущее|-supamn-wi:бывыи,бывьї|-sppamn-si:сѹщь,буда|-supamg-si:бывъша|2siia----i:бѣ|-pppaml-wi:сѹщиихъ|-sppann-si:сѹще|-pppana-si:сѹща|-sppafn-wi:сѹщаꙗ,сѹщаѧ|-sppana-si:сѹще|-pppang-wi:сѹщиихъ,бѹдꙋщих|-sppama-wi:сѹщии|-pppana-wi:соущаѧ|-pppand-si:сѹщемъ|-sppamd-wi:сѹщюѹмѹ|-pupamn-wi:бывъшеи|1ppma----i:бѹдѣмъ|-pupamd-si:бывъшемъ|-sppang-si:сѹща|-dppamd-si:сѹщема|-pupamg-wi:бывъшиихъ|-pppafd-wi:соущимъ|-supafa-wi:бывшꙋю,бывшюю|-supamg-wi:быв꙽шаго|-sfpang-wi:бѹдꙋщаго|-pfpann-wi:бѹдѹщаѧ|-supann-wi:быв꙽шее|-pfpand-wi:бѹдꙋщим|-sfpana-wi:бѹдꙋщее|-pfpana-wi:бѹдꙋщаѧ,будущая|-pupang-wi:быв꙽шихъ|-sppana-wi:сѹщее|-pupama-wi:быв꙽шаѧ|-dspamn-si:была|-supama-wi:бывшии|-pppann-si:суща|-dupamg-wi:бывшею|-supang-si:бывша
словѣни;словѣнинъ;Nb;-p---mn--i;-p---mg--i:словѣнъ,словень|-p---md--i:словѣномъ|-p---ml--i:словѣнѣх|-p---mi--i:словеньми|-s---mn--i:словѣнинъ
123784
по;по;R-;---------n;no distractor
дву;дъва;Ma;-d---nl--i;-d---fa--i:дъвҍ,довҍ|---------n:.в҃|-d---ma--i:два|-d---fl--i:двою,двоу|-d---mn--i:дъва|-d---mg--i:дъвою,двухъ|-d---na--i:дъва,дова|-d---fi--i:дъвѣма|-d---ni--i:двѣма|-d---mi--i:дъвѣма|-d---md--i:двѣма|-d---nn--i:два|-p---md--i:двем|-d---fn--i:двѣ|-p---mg--i:двоихъ|-d---fd--i:дъвѣма|-d---ng--i:двою
же;же;Df;---------n;no distractor
лѣту;лѣто;Nb;-d---nl--i;-p---ng--i:лѣтъ,лѣт.,леть,лѣт҃,лѣ҃т|-p---na--i:лѣта,лѣт҃|-s---ni--i:лѣтомъ|-p---nl--i:лѣтѣхъ,лѣтех꙽|-s---na--i:лѣто,лето,лѣ҃т,лѣт҃|-s---ng--i:л҃ѣ.та|-s---nl--i:лѣтѣ,лѣте,лете,лѣт҃|-p---nd--i:лѣтомъ|-p---nn--i:лѣта|-p---ni--i:лѣты,леты|-d---na--i:лѣтѣ,лѣте,лѣт҃|-s---nn--i:лѣт҃
синеоусъ;синеусъ;Ne;-s---mn--i;no distractor
оумре;умрѣти;V-;3saia----i;3siia----i:оумрѧше|-supamd-si:оумершю,ѹмьръшю|--pna----i:оумьрети|2dpia----i:оумрета|-supamg-wi:оумр҃шаго|-supamn-si:оум҃ръ|-sspamn-si:оумерелъ|3spia----i:оумреть,оумретъ,умереть,ѹмьреть,оумрете|1spia----i:ѹмьрѹ,оумрꙋ|-supafa-si:умершу|-pspamn-si:умерли|2spma----i:умри|-sspafn-si:умерла|1ppia----i:оумремъ|-pspann-si:умерли|-pupamn-si:умерши|-dupama-si:ѹмерша|2spia----i:ѹмреши
а;а;C-;---------n;no distractor
братъ;братъ;Nb;-s---mn--i;-s---mg--i:брата,брат҃,брт҃а|-d---mn--i:братья|-s---md--i:҅брату҆|-s---mi--i:братомъ,братомь,братъмь,брат҃мь|-s---ml--i:братѣ|-s---mv--i:брате|-d---md--i:братома|-d---mv--i:брата|-d---ma--i:брата,Брата|-d---mg--i:брату,братѹ|-d---mi--i:братома,брат҃ма
его;и;Pp;3s---mg--i;3p---ml--i:нихъ,нихʼ,них҃|3p---md--i:им же|3s---ma--i:нь,не,и҃|3s---md--i:емоу,нему,нѣму,немѹ,нѥмѹ,немȣ,нѥмо,немꙋ,ѥмоу,нѣмѹ,нѣмꙋ|3s---mi--i:нимъ,немъ,нимь,нїмь,ним꙽,дним,нимо|3p---fa--i:нѣ|3s---na--i:е же|3p---mg--i:нихъ,нїхъ,нихʼ|3p---ma--i:ихъ|3s---fl--i:неи,ней,нѥи,нѣи|3s---fi--i:нею,нѣю,нѥю|3p---mi--i:ними.|3p---fg--i:нихъ|3p---ng--i:ихъ|3d---ma--i:нѧ|3d---md--i:нима|3s---fg--i:нея,неꙗ,неѣ,нее,нѥꙗ,неи|3s---fa--i:ню|3s---fd--i:неи,нѥи|3s---ml--i:немь,немъ,нѣмь,нѣмъ,ньмь,нѥмь,немʼ,нем҃|3d---mi--i:нима|3d---mg--i:нее,нею|3p---fl--i:нихъ|3s---ni--i:имь,имъ|3p---fd--i:нимъ|3p---fi--i:ними|3p---nl--i:нихъ|3p---na--i:ѧ,ꙗ|3s---nl--i:немъ,немь,нѥмь|3p---nd--i:нимъ|3p---ni--i:ими|3s---nd--i:емѹ
труворъ;труворъ;Ne;-s---mn--i;no distractor
123792
и;и;C-;---------n;no distractor
прия;прияти;V-;3saia----i;3paia----i:прияша,пріяша,приꙗша|-sspamn-si:принѧлъ|-pspamn-si:прияли,приꙗли|3ppia----i:приимуть,прїимѹтъ,приимѹть,прїимꙋть|3spia----i:прииметь,приимьть,прїимѣтъ,приiметь,прїиметь|--pna----i:прияти::|-supamn-si:приимъ,приемъ,прїимъ|2spma----i:приими,прїими|-pupamn-si:приимъше,прїим꙽ши|1spia----i:прииму,преиму|1paia----i:поресяхомъ|-sspafn-si:прияла|1ppia----i:пріимемъ|2spia----i:приимеши|-supamd-si:приимъшю|1saia----i:прияхъ,приꙗхъ,прїѧхъ|-supamd-wi:приимшю|-pupamd-wi:приимшим|2ppia----i:приїмете,приимете,прїимете|-supafn-si:прїем꙽ши|3daia----i:прияста,прїꙗста|-dupann-si:приимъши|2paia----i:приꙗсте|2ppma----i:приимѣте|-suppmn-si:приꙗтъ,приꙗть
власть;власть;Nb;-s---fa--i;-s---fg--i:власти|-s---fi--i:властью,властїю|-s---fl--i:власти|-p---fn--i:власти|-p---fg--i:властеи|-p---fa--i:власти
рюрикъ;рюрикъ;Ne;-s---mn--i;no distractor
134580
и;и;C-;---------n;no distractor
раздая;раздаяти;V-;3saia----i;no distractor
мужемъ;мужь;Nb;-p---md--i;-p---mn--i:мѹжїе,мꙋжїе,моуж҃|-p---mg--i:моужеи|-p---mi--i:мужьми|-s---mg--i:моужа|-d---mn--i:мужа|-s---ma--i:моужь|-s---mn--i:мужь,мьжь,мѹжь,мужъ,мѹжъ,мꙋжь,муже|-p---ma--i:мужѣ,мужи|-s---md--i:мужеви,мѹжеви|-s---ml--i:мужи,мѹжи,мужѣ|-d---ma--i:мужа|-d---mg--i:мужю
своимъ;свои;Pt;3p---md--i;3s---fl--i:своеи,своей,своѥи|3p---ni--i:своими|3p---mi--i:своими,своимї|3p---nl--i:своихъ|3s---mg--i:своего,своѥго,своево,своѥгѡ,своегѡ,своєго|3s---ml--i:своемь,своемъ,своѥмь,своѥмъ|3s---ma--i:свои,свой,свої,свѡи|3s---nn--i:свое,своѥ|3s---na--i:свое,своѥ,своe|3p---ma--i:свои,своя,своѣ,своѧ,своꙗ,своѥ|3p---mg--i:своихъ,своих҃|3s---fg--i:своеіѧ|3p---fa--i:своѥꙗ|3s---md--i:своѥмоу|3p---na--i:своя,свои,своѧ,своꙗ,своа|3d---ma--i:своя,свои,своꙗ,своѧ|3p---fg--i:своихъ|3s---fd--i:своеи,своѥи,своей,своєи|3s---fa--i:свою|3s---ng--i:своего,своѥго,своѥгъ|3p---ml--i:своихъ|3p---ng--i:своихъ|3s---fi--i:своею,своѥю,своєю|3s---mn--i:своимь|3p---pi--i:своими|3p---fi--i:своими|3d---fi--i:своима|3d---fg--i:своею,своѥю|3d---fa--i:свои,свої|3p---mn--i:свои|3s---nl--i:своемъ,своемь,своѥмъ,своѥмь|3d---ni--i:своима|3d---fd--i:своима|3s---fn--i:своя,своѧ,своꙗ,свъѧ|3d---na--i:свои|3d---mg--i:своею,своѥю|3d---md--i:своима|3d---mi--i:своима|3p---fl--i:своихъ,своеих|3d---ng--i:своею|3d---fl--i:своѥю,своею|3p---fn--i:свои|3d---nl--i:своею|3d---ml--i:своею
грады;градъ;Nb;-p---ma--i;-s---mn--i:градъ,градʼ,град҃|-s---ma--i:градецъ|-s---mg--i:града|-s---ml--i:градѣ,грѣдѣ,граде,град҃|-p---md--i:градомъ,градѡмъ|-p---ml--i:градѣхъ|-s---md--i:граду,градѹ,градꙋ,град҃|-p---mg--i:градовъ|-s---mi--i:градомь,градъмь|-s---mv--i:граде
ѡвому;овъ;Pd;-s---md--i;-p---mn--i:ѡвїи,ѡвыи|-p---md--i:ѡвѣмъ,овѣмъ|-p---mg--i:ѡвѣхъ,ѡвыхъ|-p---ma--i:ѡви,ѡвы,овꙑ|-s---mn--i:ѡвъ,овъ|-p---na--i:ова,ѡва|-p---nn--i:ова|-s---na--i:ово|-p---fd--i:ѡвым|-s---fa--i:ѡвѹ|-s---nn--i:ово
полотескъ;полотьскъ;Ne;-s---ma--i;-s---ml--i:полотьски,полотьскѣ,полочьскѣ|-s---md--i:полотьску,полотьскѹ|-s---mg--i:полотьска
ѡвому;овъ;Pd;-s---md--i;-p---mn--i:ѡвїи,ѡвыи|-p---md--i:ѡвѣмъ,овѣмъ|-p---mg--i:ѡвѣхъ,ѡвыхъ|-p---ma--i:ѡви,ѡвы,овꙑ|-s---mn--i:ѡвъ,овъ|-p---na--i:ова,ѡва|-p---nn--i:ова|-s---na--i:ово|-p---fd--i:ѡвым|-s---fa--i:ѡвѹ|-s---nn--i:ово
ростовъ;ростовъ;Ne;-s---ma--i;-s---ml--i:ростовѣ,Ростовѣ,ростове|-s---md--i:ростову,ростовѹ|-s---mg--i:ростова|-s---mi--i:ростовом
другому;другъ;A-;-s---mdpwi;no distractor
бѣлоѡзеро;бѣлоозеро;Ne;-s---na--i;no distractor
123794
и;и;C-;---------n;no distractor
по;по;R-;---------n;no distractor
тѣмъ;тыи;Pd;-p---md--i;-s---nn--i:тое|-s---ma--i:той,тои,тꙑи|-p---mg--i:тѣхъ,тыхъ,тьхъ,тех҃|-p---mn--i:тыя,тые,тїи,тѣе,Тіи|-s---mg--i:того,тово,тогѡ,тог҃,тг҃о,Того|-s---nd--i:ткомоу|-s---ng--i:того,тово,тогѡ|-s---na--i:тое,тоє|-p---ma--i:тыꙗ,тыи|-p---mi--i:тѣми,теми,тыми,Тѣми|-d---mn--i:та|-s---fl--i:тои,той|-s---fd--i:тои,той,тѡи,тъй|-p---fg--i:тѣхъ,техъ,тихъ|-s---mn--i:тои,теи,Тъй|-p---fl--i:тѣхъ|-s---fn--i:тоѧ,Тая,тая|-s---nl--i:томъ,томь,тѡмь,тѡмъ,томо|-s---md--i:томоу|-p---nl--i:тѣхъ|-s---ml--i:томъ,томь,тѡмь,томо|-s---fg--i:тоя,тои,тое,тоѣ,тоѧ,тоꙗ,тоє,тоѥ|-s---fa--i:тую,тѹю|-d---ma--i:та|-p---fn--i:тѣе|-p---ni--i:тѣми|-p---ng--i:тѣхъ|-p---na--i:таѧ|-p---fa--i:тоѧ|-d---mg--i:тою|-s---fi--i:тою|-p---ml--i:тѣхъ,тыхъ|-p---nn--i:та,тѣ|-p---nd--i:тѣм|-p---fi--i:теми,тѣми|-d---md--i:тѣма|-d---nl--i:тию
городомъ;городъ;Nb;-p---md--i;-p---ma--i:городы|-s---mg--i:города|-s---ma--i:го]родъ,городку,горо[дъ|-p---mg--i:городовъ|-s---ml--i:городѣ,городе|-s---md--i:городоу,городку|-p---ml--i:городѣхъ,городехъ|-s---mn--i:городъ|-p---mn--i:городи|-d---ma--i:города|-s---mv--i:городе
суть;быти;V-;3ppia----i;3spia----i:есть,етсь,ѥсть,естъ,есте|-pppamd-wi:сѹщиимъ|3saia----i:бысть,бꙑсть,быстъ,быстʼ|3siia----i:будѧше,бѧшеть,бѹдꙗше,бѹдѧше,бꙋдѧше,бяшетъ,Бяшеть|-pppama-wi:сущая,сѹщаѧ|3pfia----i:боудоуть|-supamn-si:бывше|3piia----i:бѣахѹть|3paia----i:быша,бꙑша|-sspamn-si:былъ,был꙽,бꙑлъ,бꙑло,бꙑле|--pna----i:быти,бꙑти,быть,Быти|-pppamn-si:соущи,соуще|3diia----i:бѧста,бѣста,беста|1piia----i:бѧхомъ|-pspann-si:была,были|-sppafd-wi:сущеи,сѹщеи|-sppafd-si:сущи,суще,сѹщи,сѹще|-sppamg-si:соуща|1spia----i:ес꙽мь,есемо,есьмь,есьмъ|3spma----i:буди,бѹди,бѹдь,бꙋди|3daia----i:быста,бѣста,бꙑста|3sfia----i:боудеть,боудетъ,боудѣте,боудѣть,боудѣтѣ|-supafd-si:бывъши|-supanl-wi:бывшемъ|-supang-wi:бывшаго|-sfpama-wi:будущии,будущїи,бѹдѹщии,бѹдѹщиї|-sfpamn-wi:будущии|-pppamg-wi:сѹщиихъ|1ppia----i:ес꙽мы|-pfpama-wi:будущая|2spia----i:бѹдеши,бѹдьше|1paia----i:быхомъ,быхъмъ|2ppia----i:есте,ѥсте,естя,єсте|-pupamn-si:бывъше|-sppafa-si:сущю,сѹщю,сѹщȣ,сѹщѹ|-supafn-si:бывши|1sfia----i:буду,бѹдѹ|2spma----i:буди,бѹди,бꙋди|-sppafn-si:соущи|-pupana-wi:бывшая|1pfia----i:будемъ|-sspafn-si:была|-pspamn-si:были,Были|2paia----i:бысте,бѣсте|-sppang-wi:сущаго,сѹщаго|2dfia----i:будета|3dpia----i:еста,ѥста|2sfia----i:бѹдеш]и|-pupamd-wi:бывшимъ|-supamd-si:бывъшю,быв꙽шѹ|-sppamn-wi:соущїи|-sspann-si:был҃о|-supana-wi:бывъшеѥ|-supafa-si:бывшю,бывши|-pppama-si:суща,сѹща|-pppamd-si:сущемъ,сѹщемъ|-sppamd-si:сущю,сѹщю,сущу,сѹщѹ,сѹщȣ,сꙋщꙋ,сѹщꙋ|1saia----i:быхъ,бѧхъ,бꙑхо|2daia----i:быста|-dppamn-si:суща|2dpia----i:еста,ѥста|-sppafa-wi:сущюю|-sppama-si:сущи,сѹщь|-sppand-si:соущꙋ|2pfia----i:боудѣте|1dpia----i:есвѣ,есвҍ|1siia----i:бѣхъ|1dfia----i:будевѣ,бѹдевѣ|-pspafn-si:были|-supand-si:бывъшю,быв꙽шѹ|-sppamg-wi:сѹщааго|-pppamn-wi:соущїи|-pppami-wi:сѹщиими|-sfpamg-wi:бѹдѹщаго|-dppamg-si:сѹщю|-dupamg-si:бывъшю|2saia----i:бысть|2ppma----i:будѣте|-sfpaml-wi:бѹдѹщемъ|-pppann-wi:сущие|-sppann-wi:сущее|-supamn-wi:бывыи,бывьї|-sppamn-si:сѹщь,буда|-supamg-si:бывъша|2siia----i:бѣ|-pppaml-wi:сѹщиихъ|-sppann-si:сѹще|-pppana-si:сѹща|-sppafn-wi:сѹщаꙗ,сѹщаѧ|-sppana-si:сѹще|-pppang-wi:сѹщиихъ,бѹдꙋщих|-sppama-wi:сѹщии|-pppana-wi:соущаѧ|-pppand-si:сѹщемъ|-sppamd-wi:сѹщюѹмѹ|-pupamn-wi:бывъшеи|1ppma----i:бѹдѣмъ|-pupamd-si:бывъшемъ|-sppang-si:сѹща|-dppamd-si:сѹщема|-pupamg-wi:бывъшиихъ|-pppafd-wi:соущимъ|-supafa-wi:бывшꙋю,бывшюю|-supamg-wi:быв꙽шаго|-sfpang-wi:бѹдꙋщаго|-pfpann-wi:бѹдѹщаѧ|-supann-wi:быв꙽шее|-pfpand-wi:бѹдꙋщим|-sfpana-wi:бѹдꙋщее|-pfpana-wi:бѹдꙋщаѧ,будущая|-pupang-wi:быв꙽шихъ|-sppana-wi:сѹщее|-pupama-wi:быв꙽шаѧ|-dspamn-si:была|-supama-wi:бывшии|-pppann-si:суща|-dupamg-wi:бывшею|-supang-si:бывша
находици;находьникъ;Nb;-p---mn--i;no distractor
варѧзи;варягъ;Nb;-p---mn--i;-p---mg--i:варѧгъ|-p---ma--i:варѧги,вариги,варѧгы,вѧрѧгы|-p---md--i:варѧгомъ|-p---mi--i:варѧги,варѧгы|-d---mn--i:варѧга|-s---mn--i:варѧгъ|-d---ma--i:варѧга,варꙗга
134579
а;а;C-;---------n;no distractor
перьвии;пьрвыи;Mo;-p---mn--i;-s---ng--i:перваго|-s---na--i:пьрьвое|-s---mg--i:пьрвааго|-s---fd--i:пьрьвѣи|-p---ma--i:первыя,прьвыꙗ,первыѧ|-p---mg--i:прьвыихъ|-s---ma--i:первыи,прьвыи,пръвыи|-s---mn--i:первыи,прьвыи|-s---nn--i:первое,превое,первоѥ,прьвое|-s---ml--i:первѣмь,первомь,первомъ|-s---fipti:первою|-s---nnpwi:первое,первоѥ|-s---fg--i:первыя,первой,первыѧ,первои,первоѣ,пьрвыꙗ|-p---ml--i:первых|-s---fa--i:первую,а҃.вѹю,первѹю,пръвую|-s---ni--i:первым|-s---md--i:первому|---------n:а҃|-s---napwi:первое|-p---ngpwi:первыхъ|-p---qa--i:перʼвые|-p---na--i:перваѧ|-p---fn--i:первыѧ|-s---nd--i:пѣрвому|-p---ng--i:първыхъ
насельници;насельникъ;Nb;-p---mn--i;no distractor
в;въ;R-;---------n;no distractor
новѣгородѣ;новъгородъ;Ne;-s---ml--i;-s---mn--i:новъгородъ|-s---mg--i:новагорода,Новагорода|-s---md--i:новуногороду,новоугородоу|-s---ma--i:новъновъгородъ|-s---mi--i:новымъ городом
словѣне;словѣнинъ;Nb;-p---mn--i;-p---mg--i:словѣнъ,словень|-p---ma--i:словѣни,словѣны,словѣнѣ|-p---md--i:словѣномъ|-p---ml--i:словѣнѣх|-p---mi--i:словеньми|-s---mn--i:словѣнинъ
123795
полотьски;полотьскъ;Ne;-s---ml--i;-s---ma--i:полотескъ,полътескъ|-s---md--i:полотьску,полотьскѹ|-s---mg--i:полотьска
кривичи;кривичи;Nb;-p---mn--i;no distractor
123796
в;въ;R-;---------n;no distractor
ростовѣ;ростовъ;Ne;-s---ml--i;-s---ma--i:ростовъ|-s---md--i:ростову,ростовѹ|-s---mg--i:ростова|-s---mi--i:ростовом|-s---mn--i:ростовъ
мерѧ;меря;Nb;-s---fn--i;no distractor
123797
в;въ;R-;---------n;no distractor
бѣлѣѡзерѣ;бѣлоозеро;Ne;-s---nl--i;no distractor
весь;весь;Ne;-s---fn--i;no distractor
123798
в;въ;R-;---------n;no distractor
муромѣ;муромъ;Ne;-s---ml--i;-s---md--i:мурому|-s---ma--i:муромъ|-s---mg--i:мурома
мурома;мурома;Ne;-s---fn--i;no distractor
123799
и;и;C-;---------n;no distractor
тѣми;тыи;Pd;-p---mi--i;-s---nn--i:тое|-s---ma--i:той,тои,тꙑи|-p---mg--i:тѣхъ,тыхъ,тьхъ,тех҃|-p---mn--i:тыя,тые,тїи,тѣе,Тіи|-s---ni--i:тѣмь,тѣмъ,темъ,тѣмʼ,темь|-s---mg--i:того,тово,тогѡ,тог҃,тг҃о,Того|-s---nd--i:ткомоу|-s---ng--i:того,тово,тогѡ|-s---na--i:тое,тоє|-p---ma--i:тыꙗ,тыи|-s---mi--i:тѣмь,тѣмъ,темъ,тымъ,тымь|-p---md--i:тѣмъ,тѣмь,тѣ҃м,темь|-d---mn--i:та|-s---fl--i:тои,той|-s---fd--i:тои,той,тѡи,тъй|-p---fg--i:тѣхъ,техъ,тихъ|-s---mn--i:тои,теи,Тъй|-p---fl--i:тѣхъ|-s---fn--i:тоѧ,Тая,тая|-s---nl--i:томъ,томь,тѡмь,тѡмъ,томо|-s---md--i:томоу|-p---nl--i:тѣхъ|-s---ml--i:томъ,томь,тѡмь,томо|-s---fg--i:тоя,тои,тое,тоѣ,тоѧ,тоꙗ,тоє,тоѥ|-s---fa--i:тую,тѹю|-d---ma--i:та|-p---fn--i:тѣе|-p---ng--i:тѣхъ|-p---na--i:таѧ|-p---fa--i:тоѧ|-d---mg--i:тою|-s---fi--i:тою|-p---ml--i:тѣхъ,тыхъ|-p---fd--i:тѣмъ|-p---nn--i:та,тѣ|-p---nd--i:тѣм|-d---md--i:тѣма|-d---nl--i:тию
всѣми;вьсь;Px;-p---mi--i;-p---ma--i:въсѧ,вьсꙗ,вьсѧ|-p---mn--i:вьси,в꙽си,вохи|-s---fd--i:вьсеи,все и|-p---na--i:вьсѧ,вьсꙗ|-s---na--i:вьсе,вохо|-p---fn--i:вси,всѣ,все|-s---fa--i:вьсю,въсю|-s---nn--i:вьсе|-p---ml--i:всѣхъ|-s---fn--i:вьсꙗ,вьсѧ,в[сѧ|-p---fa--i:вьсꙗ,вьсѣ,вьсѧ|-s---ma--i:весь,вьсь,весъ,въсь|-p---md--i:вьсѣмъ|-p---mg--i:вьсѣхъ|-s---ni--i:вьсѣмь|-s---mn--i:весь,вьсь|-s---nl--i:вьсемь|-p---fd--i:вьсѣмъ|-p---nn--i:вьсꙗ,вьсѧ|-p---ng--i:вьсѣхъ|-p---fg--i:вьсѣхъ|-s---mg--i:вьсего|-p---fl--i:всѣхъ|-s---ng--i:вьсего|-s---md--i:въсемѹ,всѣмоу,всемоу,Всемоу|-p---nl--i:вьсѣхъ|-s---fg--i:вьсеꙗ|-s---fl--i:всеи,всѣи,всей|-s---fi--i:вьсею|-s---nd--i:всему,всѧмѹ,всемѹ,всѣмѹ,всемꙋ|-s---mi--i:всѣмъ|-s---ml--i:вьсемь|-p---nd--i:вьсѣмъ
ѡбладаше;обладати;V-;3siia----i;-sppamn-si:ѡбладая|3piia----i:ѡбладаху|3saia----i:ѡблада|-sppamg-si:ѡбладающа|3ppia----i:ѡбладають|-spppmn-si:обладаемъ|--pna----i:обладатї|-pppamn-si:ѡбладающе
рюрикъ;рюрикъ;Ne;-s---mn--i;no distractor
123800
и;и;C-;---------n;no distractor
бѧста;быти;V-;3diia----i;3spia----i:есть,етсь,ѥсть,естъ,есте|-pppamd-wi:сѹщиимъ|3saia----i:бысть,бꙑсть,быстъ,быстʼ|3ppia----i:бдуть,соуть|3siia----i:будѧше,бѧшеть,бѹдꙗше,бѹдѧше,бꙋдѧше,бяшетъ,Бяшеть|-pppama-wi:сущая,сѹщаѧ|3pfia----i:боудоуть|-supamn-si:бывше|3piia----i:бѣахѹть|3paia----i:быша,бꙑша|-sspamn-si:былъ,был꙽,бꙑлъ,бꙑло,бꙑле|--pna----i:быти,бꙑти,быть,Быти|-pppamn-si:соущи,соуще|1piia----i:бѧхомъ|-pspann-si:была,были|-sppafd-wi:сущеи,сѹщеи|-sppafd-si:сущи,суще,сѹщи,сѹще|-sppamg-si:соуща|1spia----i:ес꙽мь,есемо,есьмь,есьмъ|3spma----i:буди,бѹди,бѹдь,бꙋди|3daia----i:быста,бѣста,бꙑста|3sfia----i:боудеть,боудетъ,боудѣте,боудѣть,боудѣтѣ|-supafd-si:бывъши|-supanl-wi:бывшемъ|-supang-wi:бывшаго|-sfpama-wi:будущии,будущїи,бѹдѹщии,бѹдѹщиї|-sfpamn-wi:будущии|-pppamg-wi:сѹщиихъ|1ppia----i:ес꙽мы|-pfpama-wi:будущая|2spia----i:бѹдеши,бѹдьше|1paia----i:быхомъ,быхъмъ|2ppia----i:есте,ѥсте,естя,єсте|-pupamn-si:бывъше|-sppafa-si:сущю,сѹщю,сѹщȣ,сѹщѹ|-supafn-si:бывши|1sfia----i:буду,бѹдѹ|2spma----i:буди,бѹди,бꙋди|-sppafn-si:соущи|-pupana-wi:бывшая|1pfia----i:будемъ|-sspafn-si:была|-pspamn-si:были,Были|2paia----i:бысте,бѣсте|-sppang-wi:сущаго,сѹщаго|2dfia----i:будета|3dpia----i:еста,ѥста|2sfia----i:бѹдеш]и|-pupamd-wi:бывшимъ|-supamd-si:бывъшю,быв꙽шѹ|-sppamn-wi:соущїи|-sspann-si:был҃о|-supana-wi:бывъшеѥ|-supafa-si:бывшю,бывши|-pppama-si:суща,сѹща|-pppamd-si:сущемъ,сѹщемъ|-sppamd-si:сущю,сѹщю,сущу,сѹщѹ,сѹщȣ,сꙋщꙋ,сѹщꙋ|1saia----i:быхъ,бѧхъ,бꙑхо|2daia----i:быста|-dppamn-si:суща|2dpia----i:еста,ѥста|-sppafa-wi:сущюю|-sppama-si:сущи,сѹщь|-sppand-si:соущꙋ|2pfia----i:боудѣте|1dpia----i:есвѣ,есвҍ|1siia----i:бѣхъ|1dfia----i:будевѣ,бѹдевѣ|-pspafn-si:были|-supand-si:бывъшю,быв꙽шѹ|-sppamg-wi:сѹщааго|-pppamn-wi:соущїи|-pppami-wi:сѹщиими|-sfpamg-wi:бѹдѹщаго|-dppamg-si:сѹщю|-dupamg-si:бывъшю|2saia----i:бысть|2ppma----i:будѣте|-sfpaml-wi:бѹдѹщемъ|-pppann-wi:сущие|-sppann-wi:сущее|-supamn-wi:бывыи,бывьї|-sppamn-si:сѹщь,буда|-supamg-si:бывъша|2siia----i:бѣ|-pppaml-wi:сѹщиихъ|-sppann-si:сѹще|-pppana-si:сѹща|-sppafn-wi:сѹщаꙗ,сѹщаѧ|-sppana-si:сѹще|-pppang-wi:сѹщиихъ,бѹдꙋщих|-sppama-wi:сѹщии|-pppana-wi:соущаѧ|-pppand-si:сѹщемъ|-sppamd-wi:сѹщюѹмѹ|-pupamn-wi:бывъшеи|1ppma----i:бѹдѣмъ|-pupamd-si:бывъшемъ|-sppang-si:сѹща|-dppamd-si:сѹщема|-pupamg-wi:бывъшиихъ|-pppafd-wi:соущимъ|-supafa-wi:бывшꙋю,бывшюю|-supamg-wi:быв꙽шаго|-sfpang-wi:бѹдꙋщаго|-pfpann-wi:бѹдѹщаѧ|-supann-wi:быв꙽шее|-pfpand-wi:бѹдꙋщим|-sfpana-wi:бѹдꙋщее|-pfpana-wi:бѹдꙋщаѧ,будущая|-pupang-wi:быв꙽шихъ|-sppana-wi:сѹщее|-pupama-wi:быв꙽шаѧ|-dspamn-si:была|-supama-wi:бывшии|-pppann-si:суща|-dupamg-wi:бывшею|-supang-si:бывша
оу;у;R-;---------n;no distractor
него;и;Pp;3s---mg--i;3p---ml--i:нихъ,нихʼ,них҃|3p---md--i:им же|3s---ma--i:нь,не,и҃|3s---md--i:емоу,нему,нѣму,немѹ,нѥмѹ,немȣ,нѥмо,немꙋ,ѥмоу,нѣмѹ,нѣмꙋ|3s---mi--i:нимъ,немъ,нимь,нїмь,ним꙽,дним,нимо|3p---fa--i:нѣ|3s---na--i:е же|3p---mg--i:нихъ,нїхъ,нихʼ|3p---ma--i:ихъ|3s---fl--i:неи,ней,нѥи,нѣи|3s---fi--i:нею,нѣю,нѥю|3p---mi--i:ними.|3p---fg--i:нихъ|3p---ng--i:ихъ|3d---ma--i:нѧ|3d---md--i:нима|3s---fg--i:нея,неꙗ,неѣ,нее,нѥꙗ,неи|3s---fa--i:ню|3s---fd--i:неи,нѥи|3s---ml--i:немь,немъ,нѣмь,нѣмъ,ньмь,нѥмь,немʼ,нем҃|3d---mi--i:нима|3d---mg--i:нее,нею|3p---fl--i:нихъ|3s---ni--i:имь,имъ|3p---fd--i:нимъ|3p---fi--i:ними|3p---nl--i:нихъ|3p---na--i:ѧ,ꙗ|3s---nl--i:немъ,немь,нѥмь|3p---nd--i:нимъ|3p---ni--i:ими|3s---nd--i:емѹ
в҃;дъва;Ma;---------n;-d---fa--i:дъвҍ,довҍ|-d---nl--i:двою|-d---ma--i:два|-d---fl--i:двою,двоу|-d---mn--i:дъва|-d---mg--i:дъвою,двухъ|-d---fg--i:двою|-d---na--i:дъва,дова|-d---fi--i:дъвѣма|-d---ni--i:двѣма|-d---mi--i:дъвѣма|-d---md--i:двѣма|-d---nn--i:два|-p---md--i:двем|-d---ml--i:дъвѹ,двою,двоу|-d---fn--i:двѣ|-p---mg--i:двоихъ|-d---fd--i:дъвѣма|-d---ng--i:двою
мужа;мужь;Nb;-d---mn--i;-p---mn--i:мѹжїе,мꙋжїе,моуж҃|-p---mg--i:моужеи|-p---mi--i:мужьми|-s---mi--i:мужемъ,мѹжемъ,мужемь,мѹжьмь|-p---md--i:моужемъ|-s---ma--i:моужь|-s---mn--i:мужь,мьжь,мѹжь,мужъ,мѹжъ,мꙋжь,муже|-p---ma--i:мужѣ,мужи|-s---md--i:мужеви,мѹжеви|-s---ml--i:мужи,мѹжи,мужѣ|-d---mg--i:мужю
не;не;Df;---------n;no distractor
племени;племя;Nb;-s---ng--i;-s---ni--i:племѧнемъ|-s---na--i:племѧ|-s---nn--i:племѧ|-p---nd--i:племѧнемʼ
его;и;Pp;3s---mg--i;3p---ml--i:нихъ,нихʼ,них҃|3p---md--i:им же|3s---ma--i:нь,не,и҃|3s---md--i:емоу,нему,нѣму,немѹ,нѥмѹ,немȣ,нѥмо,немꙋ,ѥмоу,нѣмѹ,нѣмꙋ|3s---mi--i:нимъ,немъ,нимь,нїмь,ним꙽,дним,нимо|3p---fa--i:нѣ|3s---na--i:е же|3p---mg--i:нихъ,нїхъ,нихʼ|3p---ma--i:ихъ|3s---fl--i:неи,ней,нѥи,нѣи|3s---fi--i:нею,нѣю,нѥю|3p---mi--i:ними.|3p---fg--i:нихъ|3p---ng--i:ихъ|3d---ma--i:нѧ|3d---md--i:нима|3s---fg--i:нея,неꙗ,неѣ,нее,нѥꙗ,неи|3s---fa--i:ню|3s---fd--i:неи,нѥи|3s---ml--i:немь,немъ,нѣмь,нѣмъ,ньмь,нѥмь,немʼ,нем҃|3d---mi--i:нима|3d---mg--i:нее,нею|3p---fl--i:нихъ|3s---ni--i:имь,имъ|3p---fd--i:нимъ|3p---fi--i:ними|3p---nl--i:нихъ|3p---na--i:ѧ,ꙗ|3s---nl--i:немъ,немь,нѥмь|3p---nd--i:нимъ|3p---ni--i:ими|3s---nd--i:емѹ
ни;ни;C-;---------n;no distractor
боярина;бояринъ;Nb;-d---mn--i;-p---mn--i:бояре,боярѣ,бояря,боꙗре,боꙗрѧ|-p---mg--i:боꙗриновъ|-p---ma--i:бояры,боѧрꙑ|-p---mi--i:бояры,бояре,боѧры|-p---md--i:боꙗромъ,боѧромъ,бояромъ|-p---ml--i:боꙗрехъ|-s---mn--i:боꙗринъ|-s---mg--i:боꙗрина
123802
и;и;C-;---------n;no distractor
та;тыи;Pd;-d---mn--i;-s---nn--i:тое|-s---ma--i:той,тои,тꙑи|-p---mg--i:тѣхъ,тыхъ,тьхъ,тех҃|-p---mn--i:тыя,тые,тїи,тѣе,Тіи|-s---ni--i:тѣмь,тѣмъ,темъ,тѣмʼ,темь|-s---mg--i:того,тово,тогѡ,тог҃,тг҃о,Того|-s---nd--i:ткомоу|-s---ng--i:того,тово,тогѡ|-s---na--i:тое,тоє|-p---ma--i:тыꙗ,тыи|-s---mi--i:тѣмь,тѣмъ,темъ,тымъ,тымь|-p---md--i:тѣмъ,тѣмь,тѣ҃м,темь|-p---mi--i:тѣми,теми,тыми,Тѣми|-s---fl--i:тои,той|-s---fd--i:тои,той,тѡи,тъй|-p---fg--i:тѣхъ,техъ,тихъ|-s---mn--i:тои,теи,Тъй|-p---fl--i:тѣхъ|-s---nl--i:томъ,томь,тѡмь,тѡмъ,томо|-s---md--i:томоу|-p---nl--i:тѣхъ|-s---ml--i:томъ,томь,тѡмь,томо|-s---fg--i:тоя,тои,тое,тоѣ,тоѧ,тоꙗ,тоє,тоѥ|-s---fa--i:тую,тѹю|-p---fn--i:тѣе|-p---ni--i:тѣми|-p---ng--i:тѣхъ|-p---fa--i:тоѧ|-d---mg--i:тою|-s---fi--i:тою|-p---ml--i:тѣхъ,тыхъ|-p---fd--i:тѣмъ|-p---nd--i:тѣм|-p---fi--i:теми,тѣми|-d---md--i:тѣма|-d---nl--i:тию
испросиста;испросити;V-;3daia----i;-sppafn-si:ꙇспрося|3saia----i:испроси|-pupamn-si:испросивъше|3paia----i:испросиша
сѧ;себе;Pk;3s---qa--i;3s---qd--i:собѣ,себе,себѣ|3s---md--i:собѣ,себе,собе,себѣ,Себѣ,сѣбѣ|3p---md--i:собѣ,себѣ|3s---ml--i:собѣ,себѣ,себе,СЕБѢ,сѣбѣ,събѣ|3s---qg--i:собе,себе,себѧ,себя|3s---fd--i:собѣ,сѣбе,себѣ,собҍ|3s---mi--i:соб[ою|3s---fi--i:собою|3s---mg--i:себе,собе,собя,себя,собѧ,себѣ,себѧ|3s---qi--i:собою|3s---ql--i:себѣ,собе|3s---fg--i:себѧ,сѣбѧ,себе|3s---fl--i:себѣ,собѣ|3s---fa--i:сїѧ|3p---mi--i:собою|3d---md--i:себе,себѣ|3s---nd--i:си|3s---ni--i:собою|3p---mg--i:себѣ,себе
ко;къ;R-;---------n;no distractor
царюгороду;цѣсарьградъ;Ne;-s---md--i;-s---mg--i:цр҃ѧгорода|-s---ma--i:цр҃ьградъ,ц҃рьградъ,цсрьградъ|-s---ml--i:ц҃риградѣ,ц҃рѣградѣ,цр҃иградѣ,цр҃играде|-s---mi--i:ц҃рмъградомъ
с;съ;R-;---------n;no distractor
родомъ;родъ;Nb;-s---mi--i;-s---mn--i:родъ,Родъ|-p---mi--i:роды|-s---ml--i:родѣ,родꙋ,родѹ|-s---mg--i:рода,рада,роду|-s---ma--i:родъ,рѡд꙽|-p---ma--i:роды,роди|-s---md--i:родоу|-p---mn--i:роди|-p---mg--i:родовъ
своимъ;свои;Pt;3s---mi--i;3s---fl--i:своеи,своей,своѥи|3p---ni--i:своими|3p---mi--i:своими,своимї|3p---nl--i:своихъ|3s---mg--i:своего,своѥго,своево,своѥгѡ,своегѡ,своєго|3s---ml--i:своемь,своемъ,своѥмь,своѥмъ|3s---ma--i:свои,свой,свої,свѡи|3s---nn--i:свое,своѥ|3s---na--i:свое,своѥ,своe|3p---ma--i:свои,своя,своѣ,своѧ,своꙗ,своѥ|3p---mg--i:своихъ,своих҃|3s---fg--i:своеіѧ|3p---fa--i:своѥꙗ|3s---md--i:своѥмоу|3p---na--i:своя,свои,своѧ,своꙗ,своа|3d---ma--i:своя,свои,своꙗ,своѧ|3p---fg--i:своихъ|3s---fd--i:своеи,своѥи,своей,своєи|3s---fa--i:свою|3s---ng--i:своего,своѥго,своѥгъ|3p---ml--i:своихъ|3p---ng--i:своихъ|3s---fi--i:своею,своѥю,своєю|3s---mn--i:своимь|3p---pi--i:своими|3p---fi--i:своими|3d---fi--i:своима|3d---fg--i:своею,своѥю|3d---fa--i:свои,свої|3p---mn--i:свои|3s---nl--i:своемъ,своемь,своѥмъ,своѥмь|3d---ni--i:своима|3d---fd--i:своима|3s---fn--i:своя,своѧ,своꙗ,свъѧ|3d---na--i:свои|3d---mg--i:своею,своѥю|3d---md--i:своима|3d---mi--i:своима|3p---fl--i:своихъ,своеих|3d---ng--i:своею|3d---fl--i:своѥю,своею|3p---fn--i:свои|3d---nl--i:своею|3d---ml--i:своею
123803
и;и;C-;---------n;no distractor
поидоста;поити;V-;3daia----i;-sspafn-si:пошла|--pna----i:поити|3saia----i:по[и]де|2ppma----i:поидѣте|2spma----i:поиди,поиді,пѡꙇди|1spia----i:поиду,поидѹ|2spia----i:поидеши|2ppia----i:поидете,поидите|-sspamn-si:ношелъ,пошелъ,пошьлъ|1ppia----i:поидемъ,поидѣмъ,поидем҃|3paia----i:по[идо]ша|3spia----i:поидеть,пѡидеть|1ppma----i:поидемъ|2dpma----i:поидѣта,поидита|1dpma----i:поидевѣ|-supamn-si:пошедъ|-pupamd-wi:пошедшим|-pspamn-si:пошли|3ppia----i:пѡꙇдуть,поидѹть|-pspann-si:пошли|1saia----i:поидохъ|-sspann-si:пошло|-pupamn-si:пошедше|-sppamn-si:поида|3piia----i:поидѧхуть|-pppamn-si:подуче
по;по;R-;---------n;no distractor
днѣпру;дънѣпръ;Ne;-s---md--i;-s---mg--i:дънѣпра|-s---mn--i:дьнѣпръ|-s---ma--i:дънѣпръ|-s---ml--i:днѣ҃прѣ,дьнѣпри|-s---mv--i:Днепре
123804
и;и;C-;---------n;no distractor
идуче;ити;V-;-pppamn-si;3spia----i:идеть,идетъ,ꙇдеть,идѣть|--pna----i:итʼти,итьти,итъти|3saia----i:иде,Иде,іде,иле|-sppafd-si:идучи|-sppamd-si:идоущꙋ|3paia----i:идоша,идаша,Идоша,Їдоша|1ppia----i:идемъ,идем҃|3ppia----i:идоуть|2ppma----i:идѣте|2spia----i:идеши,идешь|1spia----i:иду,идѹ,идꙋ|-sppafn-si:идущи|3daia----i:идоста,идѧста|2spma----i:иди|-supamn-si:ишедъ|-pupamn-si:шедъше,шьдъше|-pppama-si:идуща|-sppamn-si:ꙇдучи,идучи|3piia----i:идѧхуть|-supamd-si:шедъшю,шьдъшю|-pppamd-si:идущемъ,идѹщемъ|-sppamg-si:идуща,идуча|3siia----i:идꙗшеть|-sppama-si:идущь|2ppia----i:идете,идите|-sspamn-si:шелъ,шьлъ|-sppami-wi:идущимъ|-sppann-si:идуще|1saia----i:идохъ|1paia----i:идохом|-pspamn-si:шьли|-dppamd-si:идущема|-sppamn-wi:Идыи,идыи|3dpia----i:идета|-pppamd-wi:идущимъ|-supafn-si:шедъши|-dupamd-si:шедъшема|1ppma----i:идемъ
мимо;мимо;Df;---------n;no distractor
и;и;C-;---------n;no distractor
оузрѣста;узьрѣти;V-;3daia----i;3saia----i:оусрѣте|3ppia----i:оузрѧть|2ppma----i:оузрите|3paia----i:оузрѣша|3siia----i:оузрѧше|-pupamn-si:узьрѣвъше|1spia----i:оузрю,узьрю|--pna----i:оузрѣти,узьрѣти|2spia----i:оузришь,оузриши|2ppia----i:ѹзрите
на;на;R-;---------n;no distractor
горѣ;гора;Nb;-s---fl--i;-p---fn--i:горы|-p---fd--i:горамъ|-p---fi--i:горами|-p---fa--i:горы|-p---fl--i:горохъ,горахъ|-s---fg--i:горы,горъ|-s---fa--i:гору,горѹ,горꙋ|-s---fi--i:горою|-p---fg--i:горъ,горь|-s---fn--i:гора
градок;градъкъ;Nb;-s---ma--i;no distractor
134586
и;и;C-;---------n;no distractor
оупращаста;въпрашати;V-;3daia----i;3saia----i:въпраша|-pppamd-wi:въпрашающим|2spma----i:впрашаи|--pna----i:въпрашати,вопрошати|3ppia----i:вопрошают|3siia----i:въпрашаше|3paia----i:вопрошашѧ|-pppamn-si:вопрашающе|1ppia----i:вопрошаем꙽|1spia----i:вопрашаю|2spia----i:вопрошаеши|1saia----i:вопрошах|-sppamn-si:вопрашаѧ
123805
рѣста;рещи;V-;3daia----i;--pna----i:рещи-|-pupamn-si:рекъше|3saia----i:рече,Рече,рѣче,реч҃,речь|3paia----i:рекоша,рекъша,рокоша,рекошѧ|1paia----i:рекохомъ|-supana-si:рекъше,рек꙽ше|-ppppmn-wi:рекомии|-supamn-si:рекъ,рѣхъ,Рекъ|-sppamn-si:р]ека|-pppamn-si:рекоуче,рекоуще|2ppma----i:рьцѣте,речете|-sppafn-si:рькуще,рькущи|-suppnn-si:реченно|2spma----i:речши|-supafn-si:рекъши|1ppma----i:рцѣмъ|-spppma-wi:рекомыи|-sspamn-si:реклъ|1saia----i:рекохъ,рѣкъхъ|1spia----i:реку,рекѹ|-supamd-si:рекшемꙋ|2paia----i:рекосте|-dupamd-si:рекшема|3siia----i:речаше|3spia----i:речетъ,речеть|-sppamd-si:рекущю,рекѹщю|3ppia----i:рекуть,рекутъ,рекѹть,рекꙋтъ|1ppia----i:речемъ|-dspamn-si:рекла|-pspamn-si:рекъли|-sppamn-wi:рекыи|-dupamn-si:рекъша|-supang-wi:рекъшааго|-supamg-si:рекъша|-suppnn-wi:реченʼное|-spppmn-si:рк|1dpia----i:речеве|-supana-wi:рекъшеѥ|2ppia----i:речете|-supamd-wi:рекъшюѹмѹ|-pupamd-si:рекъшемъ|-supann-wi:рекшеѥ|-supamg-wi:рекъшааго|-sppamg-si:рекѹща,рекуща|-supann-si:рек꙽ше|-spppmn-wi:рекомыи|-suppnd-wi:реченномѹ|-pupamd-wi:рекшимъ|-puppna-wi:реченнаѧ|-suppml-wi:реченѣм|-spppfn-wi:рекомая|-dppamn-si:рекуща|-pppafn-si:ркучи
134587
чии;чии;Pi;-s---mn--i;-d---mn--i:чья|-s---ni--i:чим|-p---mn--i:чье,чїи|-s---fn--i:чья
се;се;I-;---------n;no distractor
градокъ;градъкъ;Nb;-s---mn--i;no distractor
123806
ѡни;онъ;Pd;-p---mn--i;-s---mn--i:ѡнъ,онъ,ѡнʼ,ѻнʼ,он꙽,ѡн꙽,онь,оно|-s---fn--i:онъи|-s---fa--i:ону,ѡну,ѡнꙋ,ѡнѹ|-p---md--i:онѣмъ,ѡнѣмъ,ѡнѣмʼ,ѡнемʼ,онымъ|-s---ma--i:онъ,ѡнъ,ѻнʼ,он꙽|-s---md--i:ѡномоу|-p---mg--i:ѡнѣхъ,ѡнихъ,онꙑхъ|-s---ng--i:ѡного|-d---md--i:ѡнѣма,онѣма|-d---mn--i:ѡна,ѡнѣ,она|-p---fa--i:ѡны|-s---ml--i:ѡном|-s---mg--i:ѡного|-p---nd--i:онѣмъ|-d---fn--i:ѡнѣ|-p---fn--i:ѡнѣ,оны,они|-s---na--i:ѡно,оно|-p---na--i:она|-s---fd--i:онои|-s---nn--i:ѡно,онъ
же;же;Df;---------n;no distractor
рѣша;рещи;V-;3paia----i;--pna----i:рещи-|-pupamn-si:рекъше|3saia----i:рече,Рече,рѣче,реч҃,речь|1paia----i:рекохомъ|-supana-si:рекъше,рек꙽ше|-ppppmn-wi:рекомии|3daia----i:рекоста|-supamn-si:рекъ,рѣхъ,Рекъ|-sppamn-si:р]ека|-pppamn-si:рекоуче,рекоуще|2ppma----i:рьцѣте,речете|-sppafn-si:рькуще,рькущи|-suppnn-si:реченно|2spma----i:речши|-supafn-si:рекъши|1ppma----i:рцѣмъ|-spppma-wi:рекомыи|-sspamn-si:реклъ|1saia----i:рекохъ,рѣкъхъ|1spia----i:реку,рекѹ|-supamd-si:рекшемꙋ|2paia----i:рекосте|-dupamd-si:рекшема|3siia----i:речаше|3spia----i:речетъ,речеть|-sppamd-si:рекущю,рекѹщю|3ppia----i:рекуть,рекутъ,рекѹть,рекꙋтъ|1ppia----i:речемъ|-dspamn-si:рекла|-pspamn-si:рекъли|-sppamn-wi:рекыи|-dupamn-si:рекъша|-supang-wi:рекъшааго|-supamg-si:рекъша|-suppnn-wi:реченʼное|-spppmn-si:рк|1dpia----i:речеве|-supana-wi:рекъшеѥ|2ppia----i:речете|-supamd-wi:рекъшюѹмѹ|-pupamd-si:рекъшемъ|-supann-wi:рекшеѥ|-supamg-wi:рекъшааго|-sppamg-si:рекѹща,рекуща|-supann-si:рек꙽ше|-spppmn-wi:рекомыи|-suppnd-wi:реченномѹ|-pupamd-wi:рекшимъ|-puppna-wi:реченнаѧ|-suppml-wi:реченѣм|-spppfn-wi:рекомая|-dppamn-si:рекуща|-pppafn-si:ркучи
134588
была;быти;V-;-pspann-si;3spia----i:есть,етсь,ѥсть,естъ,есте|-pppamd-wi:сѹщиимъ|3saia----i:бысть,бꙑсть,быстъ,быстʼ|3ppia----i:бдуть,соуть|3siia----i:будѧше,бѧшеть,бѹдꙗше,бѹдѧше,бꙋдѧше,бяшетъ,Бяшеть|-pppama-wi:сущая,сѹщаѧ|3pfia----i:боудоуть|-supamn-si:бывше|3piia----i:бѣахѹть|3paia----i:быша,бꙑша|-sspamn-si:былъ,был꙽,бꙑлъ,бꙑло,бꙑле|--pna----i:быти,бꙑти,быть,Быти|-pppamn-si:соущи,соуще|3diia----i:бѧста,бѣста,беста|1piia----i:бѧхомъ|-sppafd-wi:сущеи,сѹщеи|-sppafd-si:сущи,суще,сѹщи,сѹще|-sppamg-si:соуща|1spia----i:ес꙽мь,есемо,есьмь,есьмъ|3spma----i:буди,бѹди,бѹдь,бꙋди|3daia----i:быста,бѣста,бꙑста|3sfia----i:боудеть,боудетъ,боудѣте,боудѣть,боудѣтѣ|-supafd-si:бывъши|-supanl-wi:бывшемъ|-supang-wi:бывшаго|-sfpama-wi:будущии,будущїи,бѹдѹщии,бѹдѹщиї|-sfpamn-wi:будущии|-pppamg-wi:сѹщиихъ|1ppia----i:ес꙽мы|-pfpama-wi:будущая|2spia----i:бѹдеши,бѹдьше|1paia----i:быхомъ,быхъмъ|2ppia----i:есте,ѥсте,естя,єсте|-pupamn-si:бывъше|-sppafa-si:сущю,сѹщю,сѹщȣ,сѹщѹ|-supafn-si:бывши|1sfia----i:буду,бѹдѹ|2spma----i:буди,бѹди,бꙋди|-sppafn-si:соущи|-pupana-wi:бывшая|1pfia----i:будемъ|-pspamn-si:были,Были|2paia----i:бысте,бѣсте|-sppang-wi:сущаго,сѹщаго|2dfia----i:будета|3dpia----i:еста,ѥста|2sfia----i:бѹдеш]и|-pupamd-wi:бывшимъ|-supamd-si:бывъшю,быв꙽шѹ|-sppamn-wi:соущїи|-sspann-si:был҃о|-supana-wi:бывъшеѥ|-supafa-si:бывшю,бывши|-pppama-si:суща,сѹща|-pppamd-si:сущемъ,сѹщемъ|-sppamd-si:сущю,сѹщю,сущу,сѹщѹ,сѹщȣ,сꙋщꙋ,сѹщꙋ|1saia----i:быхъ,бѧхъ,бꙑхо|2daia----i:быста|-dppamn-si:суща|2dpia----i:еста,ѥста|-sppafa-wi:сущюю|-sppama-si:сущи,сѹщь|-sppand-si:соущꙋ|2pfia----i:боудѣте|1dpia----i:есвѣ,есвҍ|1siia----i:бѣхъ|1dfia----i:будевѣ,бѹдевѣ|-pspafn-si:были|-supand-si:бывъшю,быв꙽шѹ|-sppamg-wi:сѹщааго|-pppamn-wi:соущїи|-pppami-wi:сѹщиими|-sfpamg-wi:бѹдѹщаго|-dppamg-si:сѹщю|-dupamg-si:бывъшю|2saia----i:бысть|2ppma----i:будѣте|-sfpaml-wi:бѹдѹщемъ|-pppann-wi:сущие|-sppann-wi:сущее|-supamn-wi:бывыи,бывьї|-sppamn-si:сѹщь,буда|-supamg-si:бывъша|2siia----i:бѣ|-pppaml-wi:сѹщиихъ|-sppann-si:сѹще|-pppana-si:сѹща|-sppafn-wi:сѹщаꙗ,сѹщаѧ|-sppana-si:сѹще|-pppang-wi:сѹщиихъ,бѹдꙋщих|-sppama-wi:сѹщии|-pppana-wi:соущаѧ|-pppand-si:сѹщемъ|-sppamd-wi:сѹщюѹмѹ|-pupamn-wi:бывъшеи|1ppma----i:бѹдѣмъ|-pupamd-si:бывъшемъ|-sppang-si:сѹща|-dppamd-si:сѹщема|-pupamg-wi:бывъшиихъ|-pppafd-wi:соущимъ|-supafa-wi:бывшꙋю,бывшюю|-supamg-wi:быв꙽шаго|-sfpang-wi:бѹдꙋщаго|-pfpann-wi:бѹдѹщаѧ|-supann-wi:быв꙽шее|-pfpand-wi:бѹдꙋщим|-sfpana-wi:бѹдꙋщее|-pfpana-wi:бѹдꙋщаѧ,будущая|-pupang-wi:быв꙽шихъ|-sppana-wi:сѹщее|-pupama-wi:быв꙽шаѧ|-supama-wi:бывшии|-pppann-si:суща|-dupamg-wi:бывшею|-supang-si:бывша
сутъ;быти;V-;3ppia----i;3spia----i:есть,етсь,ѥсть,естъ,есте|-pppamd-wi:сѹщиимъ|3saia----i:бысть,бꙑсть,быстъ,быстʼ|3siia----i:будѧше,бѧшеть,бѹдꙗше,бѹдѧше,бꙋдѧше,бяшетъ,Бяшеть|-pppama-wi:сущая,сѹщаѧ|3pfia----i:боудоуть|-supamn-si:бывше|3piia----i:бѣахѹть|3paia----i:быша,бꙑша|-sspamn-si:былъ,был꙽,бꙑлъ,бꙑло,бꙑле|--pna----i:быти,бꙑти,быть,Быти|-pppamn-si:соущи,соуще|3diia----i:бѧста,бѣста,беста|1piia----i:бѧхомъ|-pspann-si:была,были|-sppafd-wi:сущеи,сѹщеи|-sppafd-si:сущи,суще,сѹщи,сѹще|-sppamg-si:соуща|1spia----i:ес꙽мь,есемо,есьмь,есьмъ|3spma----i:буди,бѹди,бѹдь,бꙋди|3daia----i:быста,бѣста,бꙑста|3sfia----i:боудеть,боудетъ,боудѣте,боудѣть,боудѣтѣ|-supafd-si:бывъши|-supanl-wi:бывшемъ|-supang-wi:бывшаго|-sfpama-wi:будущии,будущїи,бѹдѹщии,бѹдѹщиї|-sfpamn-wi:будущии|-pppamg-wi:сѹщиихъ|1ppia----i:ес꙽мы|-pfpama-wi:будущая|2spia----i:бѹдеши,бѹдьше|1paia----i:быхомъ,быхъмъ|2ppia----i:есте,ѥсте,естя,єсте|-pupamn-si:бывъше|-sppafa-si:сущю,сѹщю,сѹщȣ,сѹщѹ|-supafn-si:бывши|1sfia----i:буду,бѹдѹ|2spma----i:буди,бѹди,бꙋди|-sppafn-si:соущи|-pupana-wi:бывшая|1pfia----i:будемъ|-sspafn-si:была|-pspamn-si:были,Были|2paia----i:бысте,бѣсте|-sppang-wi:сущаго,сѹщаго|2dfia----i:будета|3dpia----i:еста,ѥста|2sfia----i:бѹдеш]и|-pupamd-wi:бывшимъ|-supamd-si:бывъшю,быв꙽шѹ|-sppamn-wi:соущїи|-sspann-si:был҃о|-supana-wi:бывъшеѥ|-supafa-si:бывшю,бывши|-pppama-si:суща,сѹща|-pppamd-si:сущемъ,сѹщемъ|-sppamd-si:сущю,сѹщю,сущу,сѹщѹ,сѹщȣ,сꙋщꙋ,сѹщꙋ|1saia----i:быхъ,бѧхъ,бꙑхо|2daia----i:быста|-dppamn-si:суща|2dpia----i:еста,ѥста|-sppafa-wi:сущюю|-sppama-si:сущи,сѹщь|-sppand-si:соущꙋ|2pfia----i:боудѣте|1dpia----i:есвѣ,есвҍ|1siia----i:бѣхъ|1dfia----i:будевѣ,бѹдевѣ|-pspafn-si:были|-supand-si:бывъшю,быв꙽шѹ|-sppamg-wi:сѹщааго|-pppamn-wi:соущїи|-pppami-wi:сѹщиими|-sfpamg-wi:бѹдѹщаго|-dppamg-si:сѹщю|-dupamg-si:бывъшю|2saia----i:бысть|2ppma----i:будѣте|-sfpaml-wi:бѹдѹщемъ|-pppann-wi:сущие|-sppann-wi:сущее|-supamn-wi:бывыи,бывьї|-sppamn-si:сѹщь,буда|-supamg-si:бывъша|2siia----i:бѣ|-pppaml-wi:сѹщиихъ|-sppann-si:сѹще|-pppana-si:сѹща|-sppafn-wi:сѹщаꙗ,сѹщаѧ|-sppana-si:сѹще|-pppang-wi:сѹщиихъ,бѹдꙋщих|-sppama-wi:сѹщии|-pppana-wi:соущаѧ|-pppand-si:сѹщемъ|-sppamd-wi:сѹщюѹмѹ|-pupamn-wi:бывъшеи|1ppma----i:бѹдѣмъ|-pupamd-si:бывъшемъ|-sppang-si:сѹща|-dppamd-si:сѹщема|-pupamg-wi:бывъшиихъ|-pppafd-wi:соущимъ|-supafa-wi:бывшꙋю,бывшюю|-supamg-wi:быв꙽шаго|-sfpang-wi:бѹдꙋщаго|-pfpann-wi:бѹдѹщаѧ|-supann-wi:быв꙽шее|-pfpand-wi:бѹдꙋщим|-sfpana-wi:бѹдꙋщее|-pfpana-wi:бѹдꙋщаѧ,будущая|-pupang-wi:быв꙽шихъ|-sppana-wi:сѹщее|-pupama-wi:быв꙽шаѧ|-dspamn-si:была|-supama-wi:бывшии|-pppann-si:суща|-dupamg-wi:бывшею|-supang-si:бывша
г҃;трие;Ma;---------n;-p---fa--i:трїе,трьї|-p---ml--i:трехъ,трьхъ|-p---ma--i:три,г.и|-p---na--i:три,трї|-p---mn--i:трее,трие,триѥ,трїе|-p---nl--i:трехъ|-p---ng--i:трии,г҃·х|-p---fl--i:трехъ|-p---mi--i:треми,трьми|-p---ni--i:г҃·ми,треми|-p---fg--i:трии|-d---mi--i:трема|-p---mg--i:трехъ|-p---nn--i:три|-p---fi--i:трьми,треми|-p---md--i:трїемъ|-p---fn--i:три|-d---ng--i:трею
братья;братия;Nb;-s---fn--i;-s---fl--i:братьи,братїи|-s---fa--i:братью,братию,братїю,брат҃ю|-s---fd--i:братьи,братьѣ,братье,братии,братїи,брат҃и|-p---fn--i:братьѣ,братиꙗ|-s---fi--i:братьею,братиѥю,братиею,братїею,братьєю,братьѥю|-p---fl--i:братьях|-p---fd--i:братїамъ,братїѧмъ|-p---fi--i:братїѧми
кии;кыи;Ne;-s---mn--i;no distractor
щекъ;щекъ;Ne;-s---mn--i;no distractor
хоривъ;хоривъ;Ne;-s---mn--i;no distractor
иже;иже;Pr;-p---mn--i;-s---fg--i:неяже,неꙗже,неѧже|-s---nn--i:ѥ же|-s---ng--i:негоже,ѥго же|-s---na--i:не же|-s---nd--i:немуже,ѥмѹ же|-p---mg--i:нихъ же|-p---ml--i:нихъ же|-s---fa--i:ню же|-s---fl--i:неи же,нѥи же|-p---nn--i:яже,ꙗже|-s---mg--i:него же|-s---ml--i:нем꙽ же,немь же|-s---md--i:ему же,єму же|-s---ni--i:имьже|-d---fg--i:неюже|-p---na--i:нѧже|-p---md--i:имʼ же|-p---ng--i:ихъ же|-d---mg--i:еюже|-d---mn--i:яже|-p---fi--i:имиже|-p---fn--i:яже,ꙗже|-s---mi--i:нимь же|-p---fd--i:имъже|-s---fi--i:ѥюже,еюже|-s---nl--i:нем꙽ же|-p---fg--i:них꙽же|-p---ni--i:ими же|-p---nl--i:них꙽же|-s---fd--i:нее же|-p---nd--i:им꙽же
сдѣлаша;съдѣлати;V-;3paia----i;3saia----i:сдѣла|-sspamn-si:зделалъ,здѣлалъ|-supamn-si:здѣлавъ,зделавъ|-suppnn-si:здѣлано|-suppmn-si:здѣлано|--pna----i:зьдѣлати|3spia----i:содѣлаетъ|3ppia----i:здѣлают|-pspamn-si:здѣлали|1spia----i:здѣлаю|-puppna-wi:содѣланная|-suppng-wi:съдѣланнаго
градоко;градъкъ;Nb;-s---ma--i;no distractor
сь;сии;Pd;-s---ma--i;-s---fa--i:сию,Сию,сїю,сюю,сію|-p---mg--i:сихъ,Сихъ|-s---fg--i:сея,сее,сеѧ,сеꙗ,сїѧ,сеѥ|-p---fd--i:симъ|-p---fa--i:сия,сїи,сиꙗ|-p---fl--i:сихъ|-s---mg--i:сего,сегѡ|-p---mn--i:сии,сїи|-p---na--i:сия,сїи,сиѧ,сїѧ,сиꙗ,сии,сїа,сїꙗ,сиа|-p---ml--i:сихъ|-s---nl--i:семь,семъ,сѣмъ,сѥмь,семʼ|-p---ma--i:сия,сїѧ,сиꙗ,сіа|-p---nl--i:сихъ,сихʼ|-s---nn--i:сие,сїе|-s---ml--i:семь,семъ,сѣмъ,семʼ|-p---nn--i:сия,сїа,сиꙗ,сїѧ|-p---md--i:симъ,сим꙽|-s---na--i:сие,сїе|-s---ng--i:сего,сегѡ|-d---md--i:сима|-s---fi--i:сею|-s---fl--i:сеи,сѣи|-s---fn--i:сии,сия|-s---nd--i:сему,семѹ,семꙋ|-s---ni--i:симъ,симь|-s---md--i:сему,семѹ,семꙋ|-p---ng--i:сихъ|-s---mi--i:симь,симъ|-p---fg--i:сихъ|-s---fd--i:сеи|-p---fi--i:сими|-p---mi--i:сими,сѣми|-d---mg--i:сею|-p---nd--i:симъ,сим꙽|-p---ni--i:сими|-d---mi--i:сима|-s---qd--i:си|-d---ma--i:сия
123808
и;и;C-;---------n;no distractor
изгибоша;изгыбнути;V-;3paia----i;no distractor
134589
и;и;C-;---------n;no distractor
мы;мы;Pp;1p---mn--i;1p---ml--i:насъ|1p---md--i:намъ,Намъ,нам꙽,намо|1p---mi--i:нами|1p---qd--i:намъ|1p---qg--i:насъ|1p---ma--i:насъ|1p---qa--i:ны|1p---mg--i:насъ,нас҃,насо|1p---fd--i:намъ
сѣдимъ;сѣдѣти;V-;1ppia----i;3ppia----i:сѣдѧть,сидятъ|3siia----i:сѣдѧще,сѣдѧше,сꙗдꙗше|3piia----i:сѣдѧху|-pppama-wi:сѣдѧщая|-sppafn-si:сѣдѧщи|3spia----i:сѣдитъ,сѣдить,сидитъ,сидить|--pna----i:сѣдѣти,седѣти,съдѣти,сидѣть,сѣдити|-sppamn-si:сѣдѧ,сѣдꙗ,сидя|3saia----i:сидѣ,сѣдѣ,седѣ|-sppamd-si:сѣдѧщю,Сѣдѧщю,сидящу,сѣдꙗщю|-dppamd-si:сѣдѧщема,Сѣдѧщема|-sppamg-si:сѣдѧща|-pppamd-si:сѣдѧщемъ|2spma----i:сѣди|1saia----i:сѣдѣхъ|2spia----i:сѣдиши,сѣдишь|2dpma----i:сѣдита|3paia----i:седѣша,сѣдѣша|-sspafn-si:сидѣла|-sppamn-wi:сидяи|-sspamn-si:сидѣлъ,сѣдѣлъ|-sppamg-wi:сѣдящаго,сидящаго|1spia----i:сижу,сҍжѹ|-pspamn-si:сидѣли|-pppamn-wi:сидящїи|-dupamd-si:сѣдъшема|-pppamn-si:сѣдѧще|-supamg-si:сѣдевъша,сѣдѣвъша|-supamn-si:сѣдѣвъ,сѣдевъ|-supamd-si:седевъшю
платѧче;платити;V-;-pppamn-si;2ppma----i:платите|--pna----i:платити,платить,платитъ|3ppia----i:платѧть|2spma----i:плати|3spia----i:платить,платитъ|3spma----i:плати
дань;дань;Nb;-s---fa--i;-s---fg--i:дани|-p---fa--i:дани|-s---fd--i:дани|-s---fi--i:данью,данию|-p---fn--i:дани|-p---fg--i:данеи|-d---fn--i:дани|-p---fi--i:дан꙽ми,даньми
родомъ;родъ;Nb;-p---md--i;-s---mn--i:родъ,Родъ|-p---mi--i:роды|-s---ml--i:родѣ,родꙋ,родѹ|-s---mg--i:рода,рада,роду|-s---ma--i:родъ,рѡд꙽|-p---ma--i:роды,роди|-s---md--i:родоу|-p---mn--i:роди|-p---mg--i:родовъ
их;и;Pp;3p---mg--i;3p---ml--i:нихъ,нихʼ,них҃|3p---md--i:им же|3s---ma--i:нь,не,и҃|3s---md--i:емоу,нему,нѣму,немѹ,нѥмѹ,немȣ,нѥмо,немꙋ,ѥмоу,нѣмѹ,нѣмꙋ|3s---mi--i:нимъ,немъ,нимь,нїмь,ним꙽,дним,нимо|3p---fa--i:нѣ|3s---na--i:е же|3p---ma--i:ихъ|3s---fl--i:неи,ней,нѥи,нѣи|3s---fi--i:нею,нѣю,нѥю|3p---mi--i:ними.|3d---ma--i:нѧ|3d---md--i:нима|3s---ng--i:него|3s---fg--i:нея,неꙗ,неѣ,нее,нѥꙗ,неи|3s---fa--i:ню|3s---fd--i:неи,нѥи|3s---ml--i:немь,немъ,нѣмь,нѣмъ,ньмь,нѥмь,немʼ,нем҃|3d---mi--i:нима|3d---mg--i:нее,нею|3p---fl--i:нихъ|3s---ni--i:имь,имъ|3p---fd--i:нимъ|3p---fi--i:ними|3p---nl--i:нихъ|3p---na--i:ѧ,ꙗ|3s---nl--i:немъ,немь,нѥмь|3p---nd--i:нимъ|3p---ni--i:ими|3s---nd--i:емѹ
козаромъ;козаре;Nb;-p---md--i;-p---mg--i:козаръ|-p---mn--i:козарѣ,козари|-p---mi--i:козары|-s---mg--i:козарѣ|-p---ma--i:козары
123810
аколъдо;асколдъ;Ne;-s---mn--i;no distractor
же;же;Df;---------n;no distractor
и;и;C-;---------n;no distractor
диръ;диръ;Ne;-s---mn--i;no distractor
ѡстаста;остати;V-;3daia----i;3saia----i:ѡста,оста|1saia----i:ѡстахъ|--pna----i:ѡстати,остати|2spma----i:ѡстани,остани|3paia----i:осташа|1spia----i:остаану|3spia----i:останеть,ѡстанѣть|-pspamn-si:ѡстали|-psparn-si:ѡстали|-sspann-si:ѡстало,остало,ѿстало|-sspamn-si:ѡсталъ|-supafd-wi:оставъшии|-supamd-si:оставъшю|-pupami-wi:ѡставшими|-pupamn-si:ѡставше|-pupamn-wi:ѡставшїи|3spma----i:ѡстани
въ;въ;R-;---------n;no distractor
градѣ;градъ;Nb;-s---ml--i;-s---mn--i:градъ,градʼ,град҃|-s---ma--i:градецъ|-s---mg--i:града|-p---mn--i:гради,грады|-p---ma--i:градове|-p---md--i:градомъ,градѡмъ|-p---ml--i:градѣхъ|-s---md--i:граду,градѹ,градꙋ,град҃|-p---mg--i:градовъ|-s---mi--i:градомь,градъмь|-s---mv--i:граде
семь;сии;Pd;-s---ml--i;-s---fa--i:сию,Сию,сїю,сюю,сію|-p---mg--i:сихъ,Сихъ|-s---fg--i:сея,сее,сеѧ,сеꙗ,сїѧ,сеѥ|-p---fd--i:симъ|-p---fa--i:сия,сїи,сиꙗ|-p---fl--i:сихъ|-s---mg--i:сего,сегѡ|-p---mn--i:сии,сїи|-p---na--i:сия,сїи,сиѧ,сїѧ,сиꙗ,сии,сїа,сїꙗ,сиа|-p---ml--i:сихъ|-p---ma--i:сия,сїѧ,сиꙗ,сіа|-p---nl--i:сихъ,сихʼ|-s---nn--i:сие,сїе|-p---nn--i:сия,сїа,сиꙗ,сїѧ|-s---ma--i:сеи,сии,сїи|-p---md--i:симъ,сим꙽|-s---na--i:сие,сїе|-s---ng--i:сего,сегѡ|-d---md--i:сима|-s---fi--i:сею|-s---fl--i:сеи,сѣи|-s---fn--i:сии,сия|-s---mn--i:сеи,сии,сїи|-s---nd--i:сему,семѹ,семꙋ|-s---ni--i:симъ,симь|-s---md--i:сему,семѹ,семꙋ|-p---ng--i:сихъ|-s---mi--i:симь,симъ|-p---fg--i:сихъ|-s---fd--i:сеи|-p---fi--i:сими|-p---mi--i:сими,сѣми|-d---mg--i:сею|-p---nd--i:симъ,сим꙽|-p---ni--i:сими|-d---mi--i:сима|-s---qd--i:си|-d---ma--i:сия
123813
и;и;C-;---------n;no distractor
многи;мъногыи;A-;-p---mapsi;-p---napsi:многа,мнага,мнѡга|-p---nlpsi:мнозѣхъ|-s---mgpsi:многа|-s---napsi:мъного|-p---ngpsi:многъ|-s---fapsi:мъногѹ|-s---fnpsi:мънога|-s---napwi:многое|-s---nnpsi:мъного|-p---mlpsi:мнозѣхъ|-s---nipwi:многымь,многымъ|-s---ngpwi:многааго,мъногаго|-s---nlpsi:мнозѣ,мноѕѣ,мноѕе|-s---mgpwi:мъногааго|-s---mnpsi:многъ|-p---fipwi:мънозѣми|-s---ngpsi:многа|-p---mdpwi:многыимъ|-s---fipti:многою|-p---mnpwi:мнозии,многїѧ,многия,многїа,многіе|-p---mdpsi:мъногомъ|-s---flpsi:мънозѣ|-s---mdpwi:мъногому|-p---fgpwi:мъногыхъ|-p---nacsi:множаиша|-s---fgpsi:мъногы|-p---qipwi:многими|-p---mipwi:многими,многыми,мнѡгими|-p---mgpsi:многихъ|-p---ngpwi:многыихъ|-p---fapwi:многие,многия,многїе,многїа,многыѧ,многїи|-p---flpwi:многих|-s---nnpwi:многое,многоє|-p---fnpwi:многие,мнѡгїѧ|-s---mapsi:мъногъ|-p---ndpwi:многымъ|-p---nipwi:многыими|-s---mdpsi:многѹ|-s---mnpwi:многыи|-p---napwi:многаа,многаѧ,многїе,многыѧ,многие|-s---nlpwi:мнозѣмь|-s---flpwi:мнозѣи|-p---mapwi:многыꙗ,многїе,многыѧ,многїа,мнѡгиѧ|-p---nlpwi:многыхъ|-p---fdpwi:многым|-s---fgpwi:многыѧ|-p---nacwi:мнѡжаишаѧ,множаишаѧ|-s---fdcwi:множаишїи,мнѡжаишїи,мнѡжаищеи|-s---nipsi:мнѡземъ|-p---fdcwi:множаишим|-p---mdcwi:множаишим|-s---nicwi:множаишим|-s---mipwi:многым҃
варѧги;варягъ;Nb;-p---ma--i;-p---mn--i:варѧзи|-p---mg--i:варѧгъ|-p---md--i:варѧгомъ|-d---mn--i:варѧга|-s---mn--i:варѧгъ|-d---ma--i:варѧга,варꙗга
скуписта;съкупити;V-;3daia----i;no distractor
123814
и;и;C-;---------n;no distractor
начаста;начати;V-;3daia----i;3saia----i:начатъ,начать,начаты|1spia----i:начнемъ|-supamd-si:начьнъшю,начен꙽шѹ|3paia----i:начаша,начашѧ,начѧша,начашя,начяша|-supamn-si:наченъ|3spia----i:начнеть,начнетъ|3ppia----i:начнуть,начьнѹт|3piia----i:начаху,начахѹ|--pna----i:начати,начяти,Начати|-sspamn-si:началъ|1saia----i:начахъ|2spia----i:начнеши|2spma----i:начьни|-suppnn-si:начато|3siia----i:начаше|1paia----i:начахомъ|1ppia----i:нач꙽нем|-pspamn-si:начали|2ppia----i:начнете|-dspamn-si:начала|2paia----i:начясте
владѣт;владѣти;V-;--pna----i;-pppamn-si:владѣюще|3ppia----i:владѣють|3paia----i:владѣша|3spia----i:владеть|-sppamn-si:владѣя|-sppamd-si:владѣющю
польскою;польскыи;A-;-s---fipti;-s---mipwi:полскимъ|-p---mnpwi:полские|-s---mgpwi:полского|-s---mnpwi:полскои|-s---mdpwi:полскомꙋ|-p---mgpwi:полскихъ|-s---fgpwi:полскои|-s---ndpwi:полскому
землею;земля;Nb;-s---fi--i;-s---fn--i:землѧ,земля,землꙗ,ȥемлѧ,Земля|-s---fa--i:земьлю|-s---fg--i:земьлѧ|-s---fl--i:земьли|-s---fd--i:земли,землі,землѣ,землї,ȥемли|-p---fg--i:земель|-p---fa--i:землѣ,земли,земля|-p---fd--i:землѧмъ,землꙗмъ,зѣмлꙗмъ,землямъ|-s---fv--i:земле,землѣ|-p---fl--i:землѧхъ|-p---fi--i:землями
134593
рюрику;рюрикъ;Ne;-s---md--i;no distractor
же;же;Df;---------n;no distractor
кнѧжаста;къняжити;V-;3diia----i;3spia----i:кнѧжит|3siia----i:кнѧжаше|3saia----i:кнѧжи|---u--a--i:кнѧжитъ|3dpia----i:кнѧжита|-sppamn-si:кнѧжа|--pna----i:кнѧжити|-supamn-si:кнѧживъ|2spma----i:кнѧжи|-sppamd-si:кнѧжащю|3ppia----i:кнѧжать
в;въ;R-;---------n;no distractor
новѣгородѣ;новъгородъ;Ne;-s---ml--i;-s---mn--i:новъгородъ|-s---mg--i:новагорода,Новагорода|-s---md--i:новуногороду,новоугородоу|-s---ma--i:новъновъгородъ|-s---mi--i:новымъ городом
